,Time_therm,SOC,Power_hardware,Power_sol_pan,Temperature
623,172.7777778,0.9951650720695134,32.0,0.0,26.32211
624,173.0555556,0.9943742276467373,22.74,0.0,26.24255
625,173.3333333,0.9935828062391473,22.74,0.0,26.16105
626,173.6111111,0.992790908338092,22.74,0.0,26.07707
627,173.8888889,0.9919985330185483,22.74,0.0,25.99171
628,174.1666667,0.9912056796377946,22.74,0.0,25.90577
629,174.4444444,0.990412346693859,22.74,0.0,25.81929
630,174.7222222,0.9896185335375512,22.74,0.0,25.73169
631,175.0,0.9888242906525824,22.74,0.0,25.64457
632,175.2777778,0.9880296729774565,22.74,0.0,25.55591
633,175.5555556,0.9872346802496688,22.74,0.0,25.46788
634,175.8333333,0.9864393113468833,22.74,0.0,25.37895
635,176.1111111,0.9857333098084532,20.18,0.0,25.29073
636,176.3888889,0.9850270134072064,20.18,0.0,25.20128
637,176.6666667,0.9843204220175438,20.18,0.0,25.11123
638,176.9444444,0.9836135900467483,20.18,0.0,25.02106
639,177.2222222,0.9829065197045852,20.18,0.0,24.93
640,177.5,0.9821992107506754,20.18,0.0,24.83853
641,177.7777778,0.9814916629442324,20.18,0.0,24.74653
642,178.0555556,0.9807838762988645,20.18,0.0,24.65367
643,178.3333333,0.9800758500634477,20.18,0.0,24.56046
644,178.6111111,0.9793675842506845,20.18,0.0,24.46681
645,178.8888889,0.9786591138865162,20.18,0.0,24.37235
646,179.1666667,0.9784697418323585,5.4,0.0,24.27744
647,179.4444444,0.9782803549880357,5.4,0.0,24.18258
648,179.7222222,0.9780909534184542,5.4,0.0,24.08455
649,180.0,0.9779015371203504,5.4,0.0,23.9851
650,180.2777778,0.9777121060904596,5.4,0.0,23.88286
651,180.5555556,0.977522660393716,5.4,0.0,23.77838
652,180.8333333,0.9773331998904572,5.4,0.0,23.67174
653,181.1111111,0.9771437246456096,5.4,0.0,23.56254
654,181.3888889,0.9769542346559037,5.4,0.0,23.45051
655,181.6666667,0.9767647299862904,5.4,0.0,23.33633
656,181.9444444,0.9765752104970594,5.4,0.0,23.22028
657,182.2222222,0.9758659254971281,20.18,0.0,23.10222
658,182.5,0.9751564393199975,20.18,0.0,22.98288
659,182.7777778,0.9744467517951676,20.18,0.0,22.86302
660,183.0555556,0.973736896414094,20.18,0.0,22.74403
661,183.3333333,0.973026882002879,20.18,0.0,22.62527
662,183.6111111,0.9723167087151254,20.18,0.0,22.50663
663,183.8888889,0.9716063764488377,20.18,0.0,22.38929
664,184.1666667,0.9708958853576891,20.18,0.0,22.27345
665,184.4444444,0.9701852348279718,20.18,0.0,22.15737
666,184.7222222,0.9694744250130859,20.18,0.0,22.04298
667,185.0,0.9687634648304758,20.18,0.0,21.92965
668,185.2777778,0.9685734375795698,5.4,0.0,21.81723
669,185.5555556,0.9683833993916823,5.4,0.0,21.70492
670,185.8333333,0.9681933501282081,5.4,0.0,21.59223
671,186.1111111,0.9680032898557748,5.4,0.0,21.47855
672,186.3888889,0.9678132185726,5.4,0.0,21.36407
673,186.6666667,0.9676231363453305,5.4,0.0,21.24782
674,186.9444444,0.967433043035327,5.4,0.0,21.13038
675,187.2222222,0.9672429387092314,5.4,0.0,21.01151
676,187.5,0.9670528233652592,5.4,0.0,20.89209
677,187.7777778,0.9668626970016253,5.4,0.0,20.77078
678,188.0555556,0.9661511740833053,20.18,0.0,20.64896
679,188.3333333,0.9654395032870681,20.18,0.0,20.52557
680,188.6111111,0.964727684778287,20.18,0.0,20.4025
681,188.8888889,0.9640157279144436,20.18,0.0,20.28017
682,189.1666667,0.963303648130817,20.18,0.0,20.15883
683,189.4444444,0.9625914448533834,20.18,0.0,20.03839
684,189.7222222,0.9618791182770262,20.18,0.0,19.91991
685,190.0,0.9611666683402731,20.18,0.0,19.80272
686,190.2777778,0.9604540949816014,20.18,0.0,19.68754
687,190.5555556,0.9597413983960085,20.18,0.0,19.57298
688,190.8333333,0.9590285858719926,20.18,0.0,19.46036
689,191.1111111,0.9588380720329769,5.4,0.0,19.34907
690,191.3888889,0.9586475500151608,5.4,0.0,19.23931
691,191.6666667,0.9584570198861896,5.4,0.0,19.12869
692,191.9444444,0.9582664815079387,5.4,0.0,19.01895
693,192.2222222,0.9580759349480505,5.4,0.0,18.90711
694,192.5,0.9578853802055788,5.4,0.0,18.79551
695,192.7777778,0.9576948172795772,5.4,0.0,18.68267
696,193.0555556,0.9575042462377049,5.4,0.0,18.56823
697,193.3333333,0.9573136669418071,5.4,0.0,18.4532
698,193.6111111,0.9571230794595396,5.4,0.0,18.33682
699,193.8888889,0.9569324837899554,5.4,0.0,18.21936
700,194.1666667,0.9562192458558116,20.18,0.0,18.10115
701,194.4444444,0.9555059055760832,20.18,0.0,17.98266
702,194.7222222,0.9547924631666618,20.18,0.0,17.86434
703,195.0,0.9540789221896872,20.18,0.0,17.74723
704,195.2777778,0.9533652913932478,20.18,0.0,17.63105
705,195.5555556,0.9526515710026144,20.18,0.0,17.51633
706,195.8333333,0.951937760472253,20.18,0.0,17.40347
707,196.1111111,0.951223860027365,20.18,0.0,17.29243
708,196.3888889,0.9505098696362265,20.18,0.0,17.18233
709,196.6666667,0.949795789524164,20.18,0.0,17.07402
710,196.9444444,0.9490816218081802,20.18,0.0,16.96685
711,197.2222222,0.9488907377155603,5.4,0.0,16.8617
712,197.5,0.948699847117084,5.4,0.0,16.75695
713,197.7777778,0.9485089500121673,5.4,0.0,16.6527
714,198.0555556,0.9483180464689517,5.4,0.0,16.5471
715,198.3333333,0.9481271363494053,5.4,0.0,16.44091
716,198.6111111,0.9479362197216661,5.4,0.0,16.33389
717,198.8888889,0.9477452965851505,5.4,0.0,16.22601
718,199.1666667,0.9475543670080088,5.4,0.0,16.11712
719,199.4444444,0.9473634308521893,5.4,0.0,16.00645
720,199.7222222,0.9471724881858403,5.4,0.0,15.89523
721,200.0,0.9469815390083769,5.4,0.0,15.78304
722,200.2777778,0.9462670291622963,20.18,0.0,15.67013
723,200.5555556,0.9455524387407512,20.18,0.0,15.55655
724,200.8333333,0.9448377672035113,20.18,0.0,15.44437
725,201.1111111,0.9441230169074694,20.18,0.0,15.33278
726,201.3888889,0.9434081950682334,20.18,0.0,15.22218
727,201.6666667,0.9426933019234675,20.18,0.0,15.11399
728,201.9444444,0.9419783369387685,20.18,0.0,15.00639
729,202.2222222,0.9412633003517578,20.18,0.0,14.90137
730,202.5,0.9405481921427113,20.18,0.0,14.79709
731,202.7777778,0.9398330122918971,20.18,0.0,14.69456
732,203.0555556,0.9396418506835137,5.4,0.0,14.59368
733,203.3333333,0.9394506835301702,5.4,0.0,14.49362
734,203.6111111,0.9392595109002772,5.4,0.0,14.39449
735,203.8888889,0.9390683327934287,5.4,0.0,14.29484
736,204.1666667,0.938877149278045,5.4,0.0,14.19415
737,204.4444444,0.9386859602160702,5.4,0.0,14.09253
738,204.7222222,0.9384947656759226,5.4,0.0,13.99085
739,205.0,0.9383035656571961,5.4,0.0,13.88732
740,205.2777778,0.9381123601594846,5.4,0.0,13.78304
741,205.5555556,0.9379211492512183,5.4,0.0,13.67737
742,205.8333333,0.9377299327943208,5.4,0.0,13.57064
743,206.1111111,0.9370144562963477,20.18,0.0,13.46316
744,206.3888889,0.9362989111364505,20.18,0.0,13.35451
745,206.6666667,0.9355832975533228,20.18,0.0,13.2468
746,206.9444444,0.9348676150128116,20.18,0.0,13.13901
747,207.2222222,0.9341518643351847,20.18,0.0,13.03272
748,207.5,0.9334360480653346,20.18,0.0,12.92849
749,207.7777778,0.9327201661863088,20.18,0.0,12.82501
750,208.0555556,0.9320042189388884,20.18,0.0,12.72335
751,208.3333333,0.9312882057906484,20.18,0.0,12.6226
752,208.6111111,0.9305721269823318,20.18,0.0,12.52424
753,208.8888889,0.929855982496957,20.18,0.0,12.42714
754,209.1666667,0.9296645630438903,5.4,0.0,12.33131
755,209.4444444,0.9294731388394593,5.4,0.0,12.23679
756,209.7222222,0.9292817099522854,5.4,0.0,12.14191
757,210.0,0.9290902763820819,5.4,0.0,12.04719
758,210.2777778,0.9288988381285608,5.4,0.0,11.95165
759,210.5555556,0.9287073952603543,5.4,0.0,11.85457
760,210.8333333,0.9285159476393378,5.4,0.0,11.7567
761,211.1111111,0.9283244953341412,5.4,0.0,11.65741
762,211.3888889,0.9281330383444777,5.4,0.0,11.55749
763,211.6666667,0.9279415767389854,5.4,0.0,11.45623
764,211.9444444,0.927750110379526,5.4,0.0,11.35415
765,212.2222222,0.9270337125454906,20.18,0.0,11.25067
766,212.5,0.9263172583723601,20.18,0.0,11.14673
767,212.7777778,0.9256007478477684,20.18,0.0,11.04376
768,213.0555556,0.9248841812173082,20.18,0.0,10.94156
769,213.3333333,0.9241675574402148,20.18,0.0,10.84096
770,213.6111111,0.9234508741026705,20.18,0.0,10.74163
771,213.8888889,0.9227341311903011,20.18,0.0,10.64387
772,214.1666667,0.9220173289467756,20.18,0.0,10.54724
773,214.4444444,0.9213004668416316,20.18,0.0,10.45254
774,214.7222222,0.9205835451185045,20.18,0.0,10.35945
775,215.0,0.9198665637629966,20.18,0.0,10.26782
776,215.2777778,0.9196749224069823,5.4,0.0,10.17671
777,215.5555556,0.9194832768726032,5.4,0.0,10.08728
778,215.8333333,0.9192916270216439,5.4,0.0,9.996748
779,216.1111111,0.9190999729228637,5.4,0.0,9.906355
780,216.3888889,0.918908314576031,5.4,0.0,9.814797
781,216.6666667,0.9187166520499125,5.4,0.0,9.722183
782,216.9444444,0.9185249852062809,5.4,0.0,9.627852
783,217.2222222,0.9183333141139015,5.4,0.0,9.533539
784,217.5,0.9181416387725424,5.4,0.0,9.437511
785,217.7777778,0.9179499591819716,5.4,0.0,9.340201
786,218.0555556,0.917232764209262,20.18,0.0,9.242186
787,218.3333333,0.9165155187627071,20.18,0.0,9.143332
788,218.6111111,0.915798223090754,20.18,0.0,9.044556
789,218.8888889,0.9150808771836746,20.18,0.0,8.945787
790,219.1666667,0.9143634812900002,20.18,0.0,8.849203
791,219.4444444,0.9136460348942874,20.18,0.0,8.753066
792,219.7222222,0.9129285382466185,20.18,0.0,8.658475
793,220.0,0.9122109913374679,20.18,0.0,8.565363
794,220.2777778,0.911493394157308,20.18,0.0,8.473674
795,220.5555556,0.9107757469549603,20.18,0.0,8.384171
796,220.8333333,0.9100580492042031,20.18,0.0,8.295186
797,221.1111111,0.9091884882463717,24.44,0.0,8.208443
798,221.3888889,0.9083188494018211,24.44,0.0,8.124775
799,221.6666667,0.9074491325497132,24.44,0.0,8.044098
800,221.9444444,0.906579337043187,24.44,0.0,7.966027
801,222.2222222,0.9057094631746112,24.44,0.0,7.889083
802,222.5,0.9048395109232742,24.44,0.0,7.814649
803,222.7777778,0.903969479412585,24.44,0.0,7.740772
804,223.0555556,0.9037775238345609,5.4,0.0,7.668633
805,223.3333333,0.9035855636362582,5.4,0.0,7.595691
806,223.6111111,0.9033935988865078,5.4,0.0,7.520767
807,223.8888889,0.9032016295850385,5.4,0.0,7.444068
808,224.1666667,0.9024833583310867,20.18,0.0,7.366095
809,224.4444444,0.9017650300329056,20.18,0.0,7.287012
810,224.7222222,0.9010466449360374,20.18,0.0,7.207485
811,225.0,0.9003282030274622,20.18,0.0,7.128776
812,225.2777778,0.8996097042941551,20.18,0.0,7.050845
813,225.5555556,0.8988911489900488,20.18,0.0,6.973875
814,225.8333333,0.8981725365919253,20.18,0.0,6.897976
815,226.1111111,0.8974538673456517,20.18,0.0,6.823214
816,226.3888889,0.8967351412384312,20.18,0.0,6.749717
817,226.6666667,0.8960163585162239,20.18,0.0,6.677155
818,226.9444444,0.8952975186487198,20.18,0.0,6.606344
819,227.2222222,0.8951053792713825,5.4,0.0,6.536035
820,227.5,0.8949132352485999,5.4,0.0,6.466121
821,227.7777778,0.8947210863109543,5.4,0.0,6.396111
822,228.0555556,0.8945289322004002,5.4,0.0,6.32507
823,228.3333333,0.8943367727782199,5.4,0.0,6.252737
824,228.6111111,0.8941446081132188,5.4,0.0,6.178902
825,228.8888889,0.8939524382050282,5.4,0.0,6.104251
826,229.1666667,0.8937602631224627,5.4,0.0,6.027273
827,229.4444444,0.8935680827267893,5.4,0.0,5.95002
828,229.7222222,0.8933758970868205,5.4,0.0,5.870508
829,230.0,0.8931837062021877,5.4,0.0,5.790132
830,230.2777778,0.8924645939037615,20.18,0.0,5.708245
831,230.5555556,0.8917454153656066,20.18,0.0,5.626041
832,230.8333333,0.8910261700520191,20.18,0.0,5.543662
833,231.1111111,0.890306858203953,20.18,0.0,5.462733
834,231.3888889,0.8895874798034732,20.18,0.0,5.38275
835,231.6666667,0.8888680314473364,20.18,0.0,5.303724
836,231.9444444,0.8881485098858939,20.18,0.0,5.225454
837,232.2222222,0.887428915356512,20.18,0.0,5.149027
838,232.5,0.8867092478375711,20.18,0.0,5.074129
839,232.7777778,0.8859895073074406,20.18,0.0,4.999987
840,233.0555556,0.8857971271901511,5.4,0.0,4.927494
841,233.3333333,0.8856047412905326,5.4,0.0,4.855365
842,233.6111111,0.8854123496773969,5.4,0.0,4.784129
843,233.8888889,0.8852199523503016,5.4,0.0,4.711627
844,234.1666667,0.8850275493780689,5.4,0.0,4.638814
845,234.4444444,0.8848351406217277,5.4,0.0,4.564329
846,234.7222222,0.8846427259554313,5.4,0.0,4.488667
847,235.0,0.8844503053461701,5.4,0.0,4.4123
848,235.2777778,0.884257878793463,5.4,0.0,4.333997
849,235.5555556,0.8840654463661037,5.4,0.0,4.254009
850,235.8333333,0.8838730079250615,5.4,0.0,4.17364
851,236.1111111,0.8831529504218325,20.18,0.0,4.091551
852,236.3888889,0.882432816608875,20.18,0.0,4.008211
853,236.6666667,0.8817126067218087,20.18,0.0,3.925982
854,236.9444444,0.8809923202184419,20.18,0.0,3.84328
855,237.2222222,0.8802719573343417,20.18,0.0,3.762215
856,237.5,0.8795515180458151,20.18,0.0,3.682038
857,237.7777778,0.8788309943564612,20.18,0.0,3.602928
858,238.0555556,0.8781103816593807,20.18,0.0,3.525997
859,238.3333333,0.8773896794021291,20.18,0.0,3.449525
860,238.6111111,0.8766688878104364,20.18,0.0,3.3753
861,238.8888889,0.8759480068506234,20.18,0.0,3.301492
862,239.1666667,0.8757553276759734,5.4,0.0,3.229537
863,239.4444444,0.8755626418051174,5.4,0.0,3.157836
864,239.7222222,0.8753699493068056,5.4,0.0,3.086907
865,240.0,0.8751772501804257,5.4,0.0,3.014369
866,240.2777778,0.8749845444253658,5.4,0.0,2.940825
867,240.5555556,0.874791832060363,5.4,0.0,2.867573
868,240.8333333,0.874599112372263,5.4,0.0,2.791257
869,241.1111111,0.874406385429703,5.4,0.0,2.714922
870,241.3888889,0.874213651231947,5.4,0.0,2.636749
871,241.6666667,0.8740209098476454,5.4,0.0,2.5576
872,241.9444444,0.8738281611372907,5.4,0.0,2.477369
873,242.2222222,0.8731068932510283,20.18,0.0,2.395793
874,242.5,0.8723855294523066,20.18,0.0,2.313359
875,242.7777778,0.8716640697032004,20.18,0.0,2.231262
876,243.0555556,0.8709425142255192,20.18,0.0,2.150732
877,243.3333333,0.8702208624618011,20.18,0.0,2.070578
878,243.6111111,0.8694991146337703,20.18,0.0,1.991976
879,243.8888889,0.8687772640521737,20.18,0.0,1.914559
880,244.1666667,0.8680553080004527,20.18,0.0,1.83897
881,244.4444444,0.8673332459141356,20.18,0.0,1.76481
882,244.7222222,0.8666110780083564,20.18,0.0,1.691197
883,245.0,0.8658888042383508,20.18,0.0,1.619096
884,245.2777778,0.8656957530873045,5.4,0.0,1.548794
885,245.5555556,0.8655026937760706,5.4,0.0,1.478802
886,245.8333333,0.8653096261646985,5.4,0.0,1.408309
887,246.1111111,0.8651165503217353,5.4,0.0,1.337607
888,246.3888889,0.8649234662462301,5.4,0.0,1.265103
889,246.6666667,0.8647303738763585,5.4,0.0,1.191595
890,246.9444444,0.8645372728735167,5.4,0.0,1.117602
891,247.2222222,0.8643441633061638,5.4,0.0,1.041552
892,247.5,0.8641510451732487,5.4,0.0,0.965266
893,247.7777778,0.86395791847372,5.4,0.0,0.886335
894,248.0555556,0.863235215063164,20.18,0.0,0.807148
895,248.3333333,0.8625123923142912,20.18,0.0,0.726824
896,248.6111111,0.8617894504266761,20.18,0.0,0.646358
897,248.8888889,0.8610663893397101,20.18,0.0,0.56713
898,249.1666667,0.8603432092530756,20.18,0.0,0.488347
899,249.4444444,0.8596199095854102,20.18,0.0,0.410317
900,249.7222222,0.8588964888910057,20.18,0.0,0.334483
901,250.0,0.8581729456234914,20.18,0.0,0.259466
902,250.2777778,0.857449279722061,20.18,0.0,0.185607
903,250.5555556,0.8567254913864216,20.18,0.0,0.114261
904,250.8333333,0.8560015800345822,20.18,0.0,0.043264
905,251.1111111,0.8558081001901944,5.4,0.0,-0.02634
906,251.3888889,0.8556146109950302,5.4,0.0,-0.09428
907,251.6666667,0.8554211125175066,5.4,0.0,-0.16243
908,251.9444444,0.8552276046170649,5.4,0.0,-0.23164
909,252.2222222,0.8550340873621182,5.4,0.0,-0.30092
910,252.5,0.8548405607514229,5.4,0.0,-0.37135
911,252.7777778,0.8546470246124566,5.4,0.0,-0.443
912,253.0555556,0.854453478976972,5.4,0.0,-0.51597
913,253.3333333,0.8542599237043083,5.4,0.0,-0.59041
914,253.6111111,0.854066358862827,5.4,0.0,-0.66588
915,253.8888889,0.8538727844512165,5.4,0.0,-0.74198
916,254.1666667,0.8531483547305752,20.18,0.0,-0.81999
917,254.4444444,0.8524237951460126,20.18,0.0,-0.89831
918,254.7222222,0.8516991058885733,20.18,0.0,-0.97595
919,255.0,0.8509742868884901,20.18,0.0,-1.05329
920,255.2777778,0.8502493380759317,20.18,0.0,-1.12958
921,255.5555556,0.8495242596420316,20.18,0.0,-1.20437
922,255.8333333,0.848799051036659,20.18,0.0,-1.2777
923,256.1111111,0.8480737124746741,20.18,0.0,-1.34963
924,256.3888889,0.8473482438883779,20.18,0.0,-1.4206
925,256.6666667,0.8466226454712287,20.18,0.0,-1.48961
926,256.9444444,0.845896916633026,20.18,0.0,-1.55755
927,257.2222222,0.8457029546326206,5.4,0.0,-1.62388
928,257.5,0.8455089826653981,5.4,0.0,-1.68993
929,257.7777778,0.8453150007299461,5.4,0.0,-1.75586
930,258.0555556,0.8451210088946884,5.4,0.0,-1.82292
931,258.3333333,0.8449270070185412,5.4,0.0,-1.88977
932,258.6111111,0.8447329951232616,5.4,0.0,-1.95852
933,258.8888889,0.8445389731300438,5.4,0.0,-2.02861
934,259.1666667,0.8443449411072761,5.4,0.0,-2.09981
935,259.4444444,0.8441508989137954,5.4,0.0,-2.17176
936,259.7222222,0.8439568466179853,5.4,0.0,-2.24531
937,260.0,0.8437627842183812,5.4,0.0,-2.32003
938,260.2777778,0.8430365063830976,20.18,0.0,-2.39537
939,260.5555556,0.8423100916984139,20.18,0.0,-2.47176
940,260.8333333,0.841583539563541,20.18,0.0,-2.54683
941,261.1111111,0.8408568501620445,20.18,0.0,-2.62143
942,261.3888889,0.8401300234159542,20.18,0.0,-2.69503
943,261.6666667,0.839403059508932,20.18,0.0,-2.76747
944,261.9444444,0.8386759524856727,20.18,0.0,-2.83784
945,262.2222222,0.8379487013577597,20.18,0.0,-2.90716
946,262.5,0.8372213060406236,20.18,0.0,-2.97507
947,262.7777778,0.836493766449611,20.18,0.0,-3.04217
948,263.0555556,0.8362993254228521,5.4,0.0,-3.10688
949,263.3333333,0.836104873524246,5.4,0.0,-3.17102
950,263.6111111,0.8359104108221149,5.4,0.0,-3.23407
951,263.8888889,0.8357159373147861,5.4,0.0,-3.29804
952,264.1666667,0.8355214530706009,5.4,0.0,-3.36321
953,264.4444444,0.8353269579478606,5.4,0.0,-3.42894
954,264.7222222,0.8351324520149016,5.4,0.0,-3.4959
955,265.0,0.8349379352700492,5.4,0.0,-3.56436
956,265.2777778,0.8347434076367717,5.4,0.0,-3.63306
957,265.5555556,0.834548869023625,5.4,0.0,-3.70383
958,265.8333333,0.8343543192887931,5.4,0.0,-3.77557
959,266.1111111,0.8336261832048909,20.18,0.0,-3.84831
960,266.3888889,0.8328978991258228,20.18,0.0,-3.92196
961,266.6666667,0.8321694672247198,20.18,0.0,-3.99568
962,266.9444444,0.83144088688797,20.18,0.0,-4.06851
963,267.2222222,0.8307121582884699,20.18,0.0,-4.14076
964,267.5,0.8299832813368444,20.18,0.0,-4.21143
965,267.7777778,0.8292542559434416,20.18,0.0,-4.28053
966,268.0555556,0.8285250822729335,20.18,0.0,-4.34881
967,268.3333333,0.8277957597100428,20.18,0.0,-4.41521
968,268.6111111,0.8270662884267997,20.18,0.0,-4.48026
969,268.8888889,0.8263366683326925,20.18,0.0,-4.54412
970,269.1666667,0.8261416771747204,5.4,0.0,-4.60665
971,269.4444444,0.8259466749085727,5.4,0.0,-4.6681
972,269.7222222,0.8252088487649392,20.4,0.0,-4.57205
973,270.0,0.8244708702968848,20.4,0.0,-4.2336
974,270.2777778,0.8237327394173519,20.4,0.0,-3.89599
975,270.5555556,0.8229944563008398,20.4,0.0,-3.55897
976,270.8333333,0.8222560203217604,20.4,0.0,-3.22363
977,271.1111111,0.8215174316516642,20.4,0.0,-2.89035
978,271.3888889,0.8207786901962759,20.4,0.0,-2.56038
979,271.6666667,0.8200397961272241,20.4,0.0,-2.23268
980,271.9444444,0.8193007488180887,20.4,0.0,-1.90718
981,272.2222222,0.8180240520418273,35.18,0.0,-1.58422
982,272.5,0.8167469017128997,35.18,0.0,-1.26398
983,272.7777778,0.8154692973532737,35.18,0.0,-0.945
984,273.0555556,0.8141912389441747,35.18,0.0,-0.62555
985,273.3333333,0.812912727562288,35.18,0.0,-0.30811
986,273.6111111,0.81163376463593,35.18,0.0,0.009706
987,273.8888889,0.8103543496983556,35.18,0.0,0.32704
988,274.1666667,0.8096213166918379,20.18,0.0,0.541299
989,274.4444444,0.8088881290142147,20.18,0.0,0.458323
990,274.7222222,0.8081547835593794,20.18,0.0,0.373623
991,275.0,0.8074212802259516,20.18,0.0,0.28927
992,275.2777778,0.8072252563483238,5.4,0.0,0.20508
993,275.5555556,0.8070292208563249,5.4,0.0,0.120251
994,275.8333333,0.8068331736068589,5.4,0.0,0.0354
995,276.1111111,0.8066371146685394,5.4,0.0,-0.05067
996,276.3888889,0.8064410440394102,5.4,0.0,-0.13819
997,276.6666667,0.8062449617881047,5.4,0.0,-0.22696
998,276.9444444,0.8060488677714909,5.4,0.0,-0.31572
999,277.2222222,0.8058527620581966,5.4,0.0,-0.40693
1000,277.5,0.8056566446462637,5.4,0.0,-0.49869
1001,277.7777778,0.8054605155337338,5.4,0.0,-0.59169
1002,278.0555556,0.8047264095000886,20.18,0.0,-0.68474
1003,278.3333333,0.803992147368923,20.18,0.0,-0.77976
1004,278.6111111,0.8032577335678273,20.18,0.0,-0.87421
1005,278.8888889,0.8025231680046603,20.18,0.0,-0.96806
1006,279.1666667,0.8017884508516859,20.18,0.0,-1.05991
1007,279.4444444,0.801053581487634,20.18,0.0,-1.15149
1008,279.7222222,0.8003185600845252,20.18,0.0,-1.24105
1009,280.0,0.7995833865498436,20.18,0.0,-1.32878
1010,280.2777778,0.7988480607909794,20.18,0.0,-1.41524
1011,280.5555556,0.7981125829800003,20.18,0.0,-1.4991
1012,280.8333333,0.7973769524946175,20.18,0.0,-1.58311
1013,281.1111111,0.7971803647918159,5.4,0.0,-1.66364
1014,281.3888889,0.7969837656153139,5.4,0.0,-1.74414
1015,281.6666667,0.7967871550340221,5.4,0.0,-1.82371
1016,281.9444444,0.7965905329045148,5.4,0.0,-1.90389
1017,282.2222222,0.7963938992956971,5.4,0.0,-1.98431
1018,282.5,0.7961972542056982,5.4,0.0,-2.06622
1019,282.7777778,0.7960005976326462,5.4,0.0,-2.14858
1020,283.0555556,0.7958039296454695,5.4,0.0,-2.23149
1021,283.3333333,0.7956072501006989,5.4,0.0,-2.31601
1022,283.6111111,0.7954105590672574,5.4,0.0,-2.40149
1023,283.8888889,0.7952138565432716,5.4,0.0,-2.48779
1024,284.1666667,0.7944776003811977,20.18,0.0,-2.57553
1025,284.4444444,0.7937411886486595,20.18,0.0,-2.66273
1026,284.7222222,0.7930046205199225,20.18,0.0,-2.75055
1027,285.0,0.7922678958965245,20.18,0.0,-2.83719
1028,285.2777778,0.7915310146798987,20.18,0.0,-2.92239
1029,285.5555556,0.7907939770367074,20.18,0.0,-3.00585
1030,285.8333333,0.7900567823375644,20.18,0.0,-3.08844
1031,286.1111111,0.7893194307488667,20.18,0.0,-3.16846
1032,286.3888889,0.7885819316857102,20.18,0.0,-3.24771
1033,286.6666667,0.7878442861224864,20.18,0.0,-3.32477
1034,286.9444444,0.7871064934436648,20.18,0.0,-3.40082
1035,287.2222222,0.7869093300295102,5.4,0.0,-3.4754
1036,287.5,0.7867121553557164,5.4,0.0,-3.54885
1037,287.7777778,0.7865149694204977,5.4,0.0,-3.62247
1038,288.0555556,0.7863177722930595,5.4,0.0,-3.69653
1039,288.3333333,0.7861205638296378,5.4,0.0,-3.77177
1040,288.6111111,0.7859233440994325,5.4,0.0,-3.84735
1041,288.8888889,0.7857261131006569,5.4,0.0,-3.92417
1042,289.1666667,0.7855288709025301,5.4,0.0,-4.00251
1043,289.4444444,0.7853316173612539,5.4,0.0,-4.08113
1044,289.7222222,0.7851343525460426,5.4,0.0,-4.16106
1045,290.0,0.7849370764551071,5.4,0.0,-4.24243
1046,290.2777778,0.7841986797409827,20.18,0.0,-4.32394
1047,290.5555556,0.7834601359641657,20.18,0.0,-4.4066
1048,290.8333333,0.7827214445058847,20.18,0.0,-4.48819
1049,291.1111111,0.7819826055448029,20.18,0.0,-4.56862
1050,291.3888889,0.7806923044305454,35.18,0.0,-4.29026
1051,291.6666667,0.7794015528096976,35.18,0.0,-3.96715
1052,291.9444444,0.7781103492904808,35.18,0.0,-3.6428
1053,292.2222222,0.7768186938758025,35.18,0.0,-3.31651
1054,292.5,0.7755265860900474,35.18,0.0,-2.99018
1055,292.7777778,0.7742340254567568,35.18,0.0,-2.66265
1056,293.0555556,0.7727838009000465,39.44,0.0,-2.33602
1057,293.3333333,0.7713330371959165,39.44,0.0,-2.00682
1058,293.6111111,0.7698817342724228,39.44,0.0,-1.67618
1059,293.8888889,0.7684298926224837,39.44,0.0,-1.34437
1060,294.1666667,0.7669775244505301,39.44,0.0,-1.0125
1061,294.4444444,0.7655246281432646,39.44,0.0,-0.67949
1062,294.7222222,0.7640712036545448,39.44,0.0,-0.34805
1063,295.0,0.7626172376384303,39.44,0.0,-0.01667
1064,295.2777778,0.7618664255898436,20.4,0.0,0.313487
1065,295.5555556,0.761667958538388,5.4,0.0,0.407274
1066,295.8333333,0.761469480715889,5.4,0.0,0.330079
1067,296.1111111,0.7607265576797412,20.18,0.0,0.249426
1068,296.3888889,0.7599834916329895,20.18,0.0,0.165576
1069,296.6666667,0.7592402829176101,20.18,0.0,0.081291
1070,296.9444444,0.758496937784236,20.18,0.0,-0.00403
1071,297.2222222,0.7577534564272098,20.18,0.0,-0.08761
1072,297.5,0.7570098387733024,20.18,0.0,-0.1714
1073,297.7777778,0.7562660847492194,20.18,0.0,-0.25417
1074,298.0555556,0.7555221945493997,20.18,0.0,-0.33541
1075,298.3333333,0.7547781675648644,20.18,0.0,-0.41589
1076,298.6111111,0.7540340082014203,20.18,0.0,-0.49447
1077,298.8888889,0.7532897263109508,20.18,0.0,-0.57276
1078,299.1666667,0.753090839355601,5.4,0.0,-0.64882
1079,299.4444444,0.7528919425174168,5.4,0.0,-0.72478
1080,299.7222222,0.7526930358666761,5.4,0.0,-0.80016
1081,300.0,0.7524941194020606,5.4,0.0,-0.87612
1082,300.2777778,0.7522951931222519,5.4,0.0,-0.95331
1083,300.5555556,0.7520962570975481,5.4,0.0,-1.03164
1084,300.8333333,0.7518973111833996,5.4,0.0,-1.11092
1085,301.1111111,0.7516983554501004,5.4,0.0,-1.19129
1086,301.3888889,0.751499389896331,5.4,0.0,-1.27323
1087,301.6666667,0.7513004145924024,5.4,0.0,-1.35629
1088,301.9444444,0.7511014293937356,5.4,0.0,-1.4396
1089,302.2222222,0.7503566393580982,20.18,0.0,-1.52502
1090,302.5,0.7496117265095217,20.18,0.0,-1.61033
1091,302.7777778,0.7488666889066409,20.18,0.0,-1.69484
1092,303.0555556,0.7481215250249631,20.18,0.0,-1.77905
1093,303.3333333,0.7473762342650793,20.18,0.0,-1.86167
1094,303.6111111,0.7466308168322144,20.18,0.0,-1.94322
1095,303.8888889,0.7458852726633268,20.18,0.0,-2.02302
1096,304.1666667,0.7451396019637643,20.18,0.0,-2.10187
1097,304.4444444,0.744393804133543,20.18,0.0,-2.17936
1098,304.7222222,0.7436478678272413,20.18,0.0,-2.25523
1099,305.0,0.74290179030547,20.18,0.0,-2.3285
1100,305.2777778,0.7427024154611834,5.4,0.0,-2.40161
1101,305.5555556,0.7425030303812661,5.4,0.0,-2.47418
1102,305.8333333,0.7423036349206781,5.4,0.0,-2.54636
1103,306.1111111,0.7421042291497071,5.4,0.0,-2.6199
1104,306.3888889,0.7419048130668657,5.4,0.0,-2.69337
1105,306.6666667,0.7417053867424596,5.4,0.0,-2.76877
1106,306.9444444,0.7415059500314171,5.4,0.0,-2.84517
1107,307.2222222,0.7413065030040397,5.4,0.0,-2.92207
1108,307.5,0.7411070456588382,5.4,0.0,-3.00093
1109,307.7777778,0.7409075779943237,5.4,0.0,-3.08054
1110,308.0555556,0.7401609587721973,20.18,0.0,-3.16142
1111,308.3333333,0.739414197677563,20.18,0.0,-3.243
1112,308.6111111,0.7386673060794797,20.18,0.0,-3.32499
1113,308.8888889,0.7379202869836973,20.18,0.0,-3.40605
1114,309.1666667,0.7371731405942513,20.18,0.0,-3.48601
1115,309.4444444,0.7364258663082494,20.18,0.0,-3.56474
1116,309.7222222,0.7356784643295686,20.18,0.0,-3.64264
1117,310.0,0.7349309345931038,20.18,0.0,-3.71781
1118,310.2777778,0.7341832786856485,20.18,0.0,-3.79308
1119,310.5555556,0.7334355130498247,20.18,0.0,-3.86575
1120,310.8333333,0.7326876371011124,20.18,0.0,-3.93743
1121,311.1111111,0.7324877988256218,5.4,0.0,-4.00781
1122,311.3888889,0.732287951904252,5.4,0.0,-4.07638
1123,311.6666667,0.7320880964079385,5.4,0.0,-4.14628
1124,311.9444444,0.7318882321917757,5.4,0.0,-4.21466
1125,312.2222222,0.7316883593266956,5.4,0.0,-4.28507
1126,312.5,0.7314884778116848,5.4,0.0,-4.35627
1127,312.7777778,0.7312885876457303,5.4,0.0,-4.42853
1128,313.0555556,0.731088688899782,5.4,0.0,-4.50193
1129,313.3333333,0.7308887814289018,5.4,0.0,-4.5761
1130,313.6111111,0.7301323346245585,20.4,0.0,-4.5784
1131,313.8888889,0.7293757752165838,20.4,0.0,-4.25556
1132,314.1666667,0.7280687987191425,35.18,0.0,-3.93245
1133,314.4444444,0.7267614323996484,35.18,0.0,-3.61002
1134,314.7222222,0.7254536763680227,35.18,0.0,-3.2876
1135,315.0,0.7241455302632428,35.18,0.0,-2.96529
1136,315.2777778,0.7228370036621923,35.18,0.0,-2.64293
1137,315.5555556,0.7215281019778221,35.18,0.0,-2.3205
1138,315.8333333,0.7202188239379581,35.18,0.0,-1.99885
1139,316.1111111,0.7189091696832759,35.18,0.0,-1.67649
1140,316.3888889,0.7175991550932297,35.18,0.0,-1.35517
1141,316.6666667,0.7162887836000031,35.18,0.0,-1.03315
1142,316.9444444,0.714978053972079,35.18,0.0,-0.71164
1143,317.2222222,0.7142190355010263,20.4,0.0,-0.39094
1144,317.5,0.7134598921214456,20.4,0.0,-0.07027
1145,317.7777778,0.7127006237725898,20.4,0.0,0.247915
1146,318.0555556,0.7119412306670432,20.4,0.0,0.563962
1147,318.3333333,0.7117405167555128,5.4,0.0,0.479999
1148,318.6111111,0.7115397936028676,5.4,0.0,0.389544
1149,318.8888889,0.7113390612079394,5.4,0.0,0.29667
1150,319.1666667,0.7111383196418275,5.4,0.0,0.201596
1151,319.4444444,0.7109375687588332,5.4,0.0,0.104162
1152,319.7222222,0.7107368086300514,5.4,0.0,0.005365
1153,320.0,0.7099852893923523,20.18,0.0,-0.09557
1154,320.2777778,0.7092336476545074,20.18,0.0,-0.19633
1155,320.5555556,0.7084818871533157,20.18,0.0,-0.29809
1156,320.8333333,0.707730007290755,20.18,0.0,-0.39937
1157,321.1111111,0.7069780082805719,20.18,0.0,-0.49921
1158,321.3888889,0.7062258900658759,20.18,0.0,-0.59824
1159,321.6666667,0.7054736528605356,20.18,0.0,-0.69526
1160,321.9444444,0.7047212960660002,20.18,0.0,-0.79139
1161,322.2222222,0.7039688185603821,20.18,0.0,-0.88511
1162,322.5,0.7032162180147521,20.18,0.0,-0.97737
1163,322.7777778,0.7024634943690826,20.18,0.0,-1.06841
1164,323.0555556,0.7022623809399597,5.4,0.0,-1.15731
1165,323.3333333,0.7020612582411204,5.4,0.0,-1.24543
1166,323.6111111,0.7018601263438056,5.4,0.0,-1.33279
1167,323.8888889,0.7016589852468584,5.4,0.0,-1.41947
1168,324.1666667,0.7014578350215361,5.4,0.0,-1.50756
1169,324.4444444,0.7012566755218564,5.4,0.0,-1.59562
1170,324.7222222,0.7010555068190722,5.4,0.0,-1.68498
1171,325.0,0.700854328912026,5.4,0.0,-1.77518
1172,325.2777778,0.7006531417995595,5.4,0.0,-1.86654
1173,325.5555556,0.7004519455529452,5.4,0.0,-1.95847
1174,325.8333333,0.7002507400261664,5.4,0.0,-2.05135
1175,326.1111111,0.6994975057142875,20.18,0.0,-2.14572
1176,326.3888889,0.6987441479923865,20.18,0.0,-2.24084
1177,326.6666667,0.6979906670685798,20.18,0.0,-2.33419
1178,326.9444444,0.6972370623394292,20.18,0.0,-2.42798
1179,327.2222222,0.6964833340151156,20.18,0.0,-2.51996
1180,327.5,0.6957294820345605,20.18,0.0,-2.61083
1181,327.7777778,0.6949755063366334,20.18,0.0,-2.69962
1182,328.0555556,0.6942214070128117,20.18,0.0,-2.78766
1183,328.3333333,0.6934671799181045,20.18,0.0,-2.87361
1184,328.6111111,0.6927128252583787,20.18,0.0,-2.95763
1185,328.8888889,0.6919583429680125,20.18,0.0,-3.03956
1186,329.1666667,0.6917567747403852,5.4,0.0,-3.121
1187,329.4444444,0.6915551971156325,5.4,0.0,-3.20108
1188,329.7222222,0.6913536101651223,5.4,0.0,-3.28136
1189,330.0,0.691152013887661,5.4,0.0,-3.36123
1190,330.2777778,0.690950408282055,5.4,0.0,-3.44193
1191,330.5555556,0.6907487934196914,5.4,0.0,-3.52419
1192,330.8333333,0.6905471691542164,5.4,0.0,-3.60674
1193,331.1111111,0.6903455355570137,5.4,0.0,-3.69063
1194,331.3888889,0.6901438926268882,5.4,0.0,-3.77566
1195,331.6666667,0.6899422404352397,5.4,0.0,-3.86122
1196,331.9444444,0.6897405787609698,5.4,0.0,-3.94817
1197,332.2222222,0.688985566621277,20.18,0.0,-4.03563
1198,332.5,0.6882304228636552,20.18,0.0,-4.12349
1199,332.7777778,0.6874751474183404,20.18,0.0,-4.21088
1200,333.0555556,0.6867197404874518,20.18,0.0,-4.2975
1201,333.3333333,0.685964201457253,20.18,0.0,-4.38277
1202,333.6111111,0.6852085305296892,20.18,0.0,-4.46596
1203,333.8888889,0.6838884456303532,35.18,0.0,-4.51318
1204,334.1666667,0.682567948280386,35.18,0.0,-4.19511
1205,334.4444444,0.6812470378248705,35.18,0.0,-3.87293
1206,334.7222222,0.6799257143385445,35.18,0.0,-3.54904
1207,335.0,0.6791607259689204,20.4,0.0,-3.22411
1208,335.2777778,0.6783956021060716,20.4,0.0,-2.89938
1209,335.5555556,0.6776303429517947,20.4,0.0,-2.57483
1210,335.8333333,0.6768649478813865,20.4,0.0,-2.2517
1211,336.1111111,0.6760994170964572,20.4,0.0,-1.93027
1212,336.3888889,0.6753337505231027,20.4,0.0,-1.61107
1213,336.6666667,0.6745679483630396,20.4,0.0,-1.29466
1214,336.9444444,0.6738020057091005,20.4,0.0,-0.98104
1215,337.2222222,0.6730359194480949,20.4,0.0,-0.67012
1216,337.5,0.6722696894967128,20.4,0.0,-0.36193
1217,337.7777778,0.6715033157715609,20.4,0.0,-0.05664
1218,338.0555556,0.6701787850997146,35.18,0.0,0.24677
1219,338.3333333,0.6688538016385586,35.18,0.0,0.546586
1220,338.6111111,0.6680950858027334,20.18,0.0,0.670806
1221,338.8888889,0.6673362289953362,20.18,0.0,0.568669
1222,339.1666667,0.666577231409994,20.18,0.0,0.464811
1223,339.4444444,0.6658180924205903,20.18,0.0,0.360882
1224,339.7222222,0.665058812220547,20.18,0.0,0.257546
1225,340.0,0.6642993907300212,20.18,0.0,0.154831
1226,340.2777778,0.6635398209550017,20.18,0.0,0.053956
1227,340.5555556,0.6627801024981772,20.18,0.0,-0.04647
1228,340.8333333,0.6620202347216768,20.18,0.0,-0.14468
1229,341.1111111,0.6618172923706994,5.4,0.0,-0.24176
1230,341.3888889,0.6616143394791737,5.4,0.0,-0.3378
1231,341.6666667,0.6614113761186281,5.4,0.0,-0.43307
1232,341.9444444,0.6612084021413935,5.4,0.0,-0.52944
1233,342.2222222,0.6610054176189933,5.4,0.0,-0.6255
1234,342.5,0.6608024225498877,5.4,0.0,-0.72308
1235,342.7777778,0.6605994169325365,5.4,0.0,-0.82102
1236,343.0555556,0.6603964008384847,5.4,0.0,-0.9199
1237,343.3333333,0.6601933741200233,5.4,0.0,-1.01996
1238,343.6111111,0.6599903368486931,5.4,0.0,-1.12022
1239,343.8888889,0.6597872889916293,5.4,0.0,-1.22204
1240,344.1666667,0.6590268072449806,20.18,0.0,-1.32409
1241,344.4444444,0.6582661720627013,20.18,0.0,-1.42681
1242,344.7222222,0.657505383625576,20.18,0.0,-1.52859
1243,345.0,0.6567444418405749,20.18,0.0,-1.62981
1244,345.2777778,0.6559833466145724,20.18,0.0,-1.72942
1245,345.5555556,0.6552220981283965,20.18,0.0,-1.827
1246,345.8333333,0.6544606957406857,20.18,0.0,-1.92308
1247,346.1111111,0.6536991368929541,20.18,0.0,-2.01798
1248,346.3888889,0.6529374203543128,20.18,0.0,-2.11027
1249,346.6666667,0.6521755462944403,20.18,0.0,-2.20149
1250,346.9444444,0.6514135140601266,20.18,0.0,-2.291
1251,347.2222222,0.651210026261639,5.4,0.0,-2.37826
1252,347.5,0.65100652770116,5.4,0.0,-2.46511
1253,347.7777778,0.6508030183770733,5.4,0.0,-2.55192
1254,348.0555556,0.6505994983610297,5.4,0.0,-2.63894
1255,348.3333333,0.650395967504882,5.4,0.0,-2.7266
1256,348.6111111,0.6501924258802763,5.4,0.0,-2.81487
1257,348.8888889,0.6499888734855945,5.4,0.0,-2.90425
1258,349.1666667,0.6497853103632184,5.4,0.0,-2.99441
1259,349.4444444,0.6495817358584414,5.4,0.0,-3.08581
1260,349.7222222,0.6493781500427535,5.4,0.0,-3.17771
1261,350.0,0.6491745529143655,5.4,0.0,-3.27122
1262,350.2777778,0.6484118643472864,20.18,0.0,-3.36484
1263,350.5555556,0.6476490101131911,20.18,0.0,-3.45866
1264,350.8333333,0.6468859895475378,20.18,0.0,-3.55195
1265,351.1111111,0.6461228028094076,20.18,0.0,-3.64376
1266,351.3888889,0.645359449783173,20.18,0.0,-3.73467
1267,351.6666667,0.6445959306279336,20.18,0.0,-3.82372
1268,351.9444444,0.64383224070957,20.18,0.0,-3.91149
1269,352.2222222,0.6430683766499538,20.18,0.0,-3.99728
1270,352.5,0.6423043383242725,20.18,0.0,-4.08118
1271,352.7777778,0.6415401256075589,20.18,0.0,-4.16391
1272,353.0555556,0.6413361028804759,5.4,0.0,-4.24554
1273,353.3333333,0.6411320679582294,5.4,0.0,-4.32438
1274,353.6111111,0.6409280209122135,5.4,0.0,-4.40378
1275,353.8888889,0.640723961740378,5.4,0.0,-4.48287
1276,354.1666667,0.6405198905141378,5.4,0.0,-4.56275
1277,354.4444444,0.6397468928770716,20.4,0.0,-4.2912
1278,354.7222222,0.6389737150939127,20.4,0.0,-3.97221
1279,355.0,0.6382003543205643,20.4,0.0,-3.6537
1280,355.2777778,0.6374268104162334,20.4,0.0,-3.3362
1281,355.5555556,0.6366530835184779,20.4,0.0,-3.02069
1282,355.8333333,0.6358791729291059,20.4,0.0,-2.70741
1283,356.1111111,0.6345405631691742,35.18,0.0,-2.3963
1284,356.3888889,0.6332013381468014,35.18,0.0,-2.08793
1285,356.6666667,0.6318614851958356,35.18,0.0,-1.78006
1286,356.9444444,0.6305210023466132,35.18,0.0,-1.47306
1287,357.2222222,0.629179889073193,35.18,0.0,-1.16644
1288,357.5,0.6278381218081827,35.18,0.0,-0.86028
1289,357.7777778,0.6264956850908381,35.18,0.0,-0.55387
1290,358.0555556,0.6251525782416808,35.18,0.0,-0.2482
1291,358.3333333,0.6238087991272939,35.18,0.0,0.05791
1292,358.6111111,0.6224643078008156,35.18,0.0,0.364212
1293,358.8888889,0.6211190978987844,35.18,0.0,0.669898
1294,359.1666667,0.6209138767584378,5.4,0.0,0.714848
1295,359.4444444,0.6207086419328446,5.4,0.0,0.619179
1296,359.7222222,0.6205033934932533,5.4,0.0,0.520873
1297,360.0,0.6202981314370374,5.4,0.0,0.421761
1298,360.2777778,0.6200928557615687,5.4,0.0,0.321149
1299,360.5555556,0.6198875665381227,5.4,0.0,0.218589
1300,360.8333333,0.619682263355745,5.4,0.0,0.115217
1301,361.1111111,0.6194769460704074,5.4,0.0,0.009868
1302,361.3888889,0.619271614679298,5.4,0.0,-0.09603
1303,361.6666667,0.6190662692535289,5.4,0.0,-0.20303
1304,361.9444444,0.6188609096424432,5.4,0.0,-0.31179
1305,362.2222222,0.6180908130216834,20.18,0.0,-0.42048
1306,362.5,0.6173205027612193,20.18,0.0,-0.52949
1307,362.7777778,0.6165499786683881,20.18,0.0,-0.6381
1308,363.0555556,0.6157792408276873,20.18,0.0,-0.74517
1309,363.3333333,0.6150082884909891,20.18,0.0,-0.85101
1310,363.6111111,0.614237121742102,20.18,0.0,-0.95509
1311,363.8888889,0.6134657327223011,20.18,0.0,-1.058
1312,364.1666667,0.6126941214148995,20.18,0.0,-1.15851
1313,364.4444444,0.6119222870527807,20.18,0.0,-1.25709
1314,364.7222222,0.6111502297016524,20.18,0.0,-1.35478
1315,365.0,0.6103779491491669,20.18,0.0,-1.44954
1316,365.2777778,0.6101720111679504,5.4,0.0,-1.54361
1317,365.5555556,0.6099660587843729,5.4,0.0,-1.63656
1318,365.8333333,0.6097600918647983,5.4,0.0,-1.72948
1319,366.1111111,0.6095541105696907,5.4,0.0,-1.82281
1320,366.3888889,0.6093481148961162,5.4,0.0,-1.91611
1321,366.6666667,0.609142104915304,5.4,0.0,-2.0109
1322,366.9444444,0.6089360804759962,5.4,0.0,-2.10607
1323,367.2222222,0.6087300416494147,5.4,0.0,-2.20185
1324,367.5,0.6085239884326215,5.4,0.0,-2.2989
1325,367.7777778,0.6083179208226779,5.4,0.0,-2.39668
1326,368.0555556,0.6075447971776511,20.18,0.0,-2.49573
1327,368.3333333,0.606771449168,20.18,0.0,-2.59502
1328,368.6111111,0.6059978768567057,20.18,0.0,-2.69402
1329,368.8888889,0.6052240800281393,20.18,0.0,-2.79284
1330,369.1666667,0.6044500587449536,20.18,0.0,-2.88928
1331,369.4444444,0.6036758067141205,20.18,0.0,-2.98473
1332,369.7222222,0.6029013217351382,20.18,0.0,-3.07866
1333,370.0,0.6021266035752294,20.18,0.0,-3.17095
1334,370.2777778,0.6013516520012048,20.18,0.0,-3.26162
1335,370.5555556,0.6005764670585285,20.18,0.0,-3.35029
1336,370.8333333,0.5998010479551359,20.18,0.0,-3.43787
1337,371.1111111,0.5995943841449904,5.4,0.0,-3.5228
1338,371.3888889,0.5993877056876074,5.4,0.0,-3.60698
1339,371.6666667,0.5991810126543792,5.4,0.0,-3.69081
1340,371.9444444,0.5989743048934743,5.4,0.0,-3.77484
1341,372.2222222,0.5987675824762775,5.4,0.0,-3.85916
1342,372.5,0.5985608453997688,5.4,0.0,-3.94426
1343,372.7777778,0.5983540936609271,5.4,0.0,-4.03082
1344,373.0555556,0.5981473273311657,5.4,0.0,-4.11781
1345,373.3333333,0.5979405462585949,5.4,0.0,-4.20579
1346,373.6111111,0.597733750514621,5.4,0.0,-4.2947
1347,373.8888889,0.5975269400962181,5.4,0.0,-4.385
1348,374.1666667,0.5967506124522336,20.18,0.0,-4.47595
1349,374.4444444,0.5953906454047068,35.18,0.0,-4.35748
1350,374.7222222,0.5940299189272544,35.18,0.0,-4.04879
1351,375.0,0.5926684510916682,35.18,0.0,-3.73712
1352,375.2777778,0.591306248411281,35.18,0.0,-3.42554
1353,375.5555556,0.5899433100383259,35.18,0.0,-3.11175
1354,375.8333333,0.5885796340729018,35.18,0.0,-2.79821
1355,376.1111111,0.5872152294567672,35.18,0.0,-2.48414
1356,376.3888889,0.5858500948980576,35.18,0.0,-2.16983
1357,376.6666667,0.5844842295925821,35.18,0.0,-1.85602
1358,376.9444444,0.5831176678671418,35.18,0.0,-1.54142
1359,377.2222222,0.5823287559265001,20.4,0.0,-1.22708
1360,377.5,0.581539637759934,20.4,0.0,-0.91425
1361,377.7777778,0.5807503132037655,20.4,0.0,-0.60167
1362,378.0555556,0.5799607823783262,20.4,0.0,-0.29168
1363,378.3333333,0.5791710445563926,20.4,0.0,0.01596
1364,378.6111111,0.578381099960141,20.4,0.0,0.320598
1365,378.8888889,0.5775909484274178,20.4,0.0,0.622935
1366,379.1666667,0.5773827739089139,5.4,0.0,0.659787
1367,379.4444444,0.5771745845921195,5.4,0.0,0.557095
1368,379.7222222,0.5769663805490175,5.4,0.0,0.449356
1369,380.0,0.576758161776652,5.4,0.0,0.34042
1370,380.2777778,0.5759761585480009,20.18,0.0,0.229403
1371,380.5555556,0.5751939526691073,20.18,0.0,0.117847
1372,380.8333333,0.5744115434191712,20.18,0.0,0.006725
1373,381.1111111,0.5736289432715692,20.18,0.0,-0.10407
1374,381.3888889,0.5728461561645014,20.18,0.0,-0.21283
1375,381.6666667,0.5720631822510699,20.18,0.0,-0.321
1376,381.9444444,0.5712800208386857,20.18,0.0,-0.42704
1377,382.2222222,0.5704966720800901,20.18,0.0,-0.53131
1378,382.5,0.5697131358460752,20.18,0.0,-0.63431
1379,382.7777778,0.5689294150254933,20.18,0.0,-0.73536
1380,383.0555556,0.5687206690137425,5.4,0.0,-0.83494
1381,383.3333333,0.5685119088576163,5.4,0.0,-0.93278
1382,383.6111111,0.5683031346296199,5.4,0.0,-1.03008
1383,383.8888889,0.5680943463271139,5.4,0.0,-1.12698
1384,384.1666667,0.5678855440226269,5.4,0.0,-1.22533
1385,384.4444444,0.5676767275631854,5.4,0.0,-1.32324
1386,384.7222222,0.5674678970213113,5.4,0.0,-1.42273
1387,385.0,0.5672590523943619,5.4,0.0,-1.52205
1388,385.2777778,0.5670501936796938,5.4,0.0,-1.62335
1389,385.5555556,0.5668413209498568,5.4,0.0,-1.72457
1390,385.8333333,0.5666324340518225,5.4,0.0,-1.827
1391,386.1111111,0.5658479809958995,20.18,0.0,-1.9302
1392,386.3888889,0.5650633479974313,20.18,0.0,-2.03372
1393,386.6666667,0.5642785352239861,20.18,0.0,-2.13645
1394,386.9444444,0.5634935382897504,20.18,0.0,-2.23899
1395,387.2222222,0.5627083570388876,20.18,0.0,-2.33984
1396,387.5,0.5619229913584656,20.18,0.0,-2.4386
1397,387.7777778,0.5611374411354474,20.18,0.0,-2.53591
1398,388.0555556,0.5603517065395549,20.18,0.0,-2.63188
1399,388.3333333,0.5595657868918776,20.18,0.0,-2.72607
1400,388.6111111,0.558779691543826,20.18,0.0,-2.81849
1401,388.8888889,0.5579934278423744,20.18,0.0,-2.90903
1402,389.1666667,0.5577839308306719,5.4,0.0,-2.99795
1403,389.4444444,0.5575744184561068,5.4,0.0,-3.08542
1404,389.7222222,0.5573648907910688,5.4,0.0,-3.17286
1405,390.0,0.5571553478325336,5.4,0.0,-3.26034
1406,390.2777778,0.5569457895774758,5.4,0.0,-3.34902
1407,390.5555556,0.5567362160983151,5.4,0.0,-3.4375
1408,390.8333333,0.5565266272411369,5.4,0.0,-3.52751
1409,391.1111111,0.5563170230783537,5.4,0.0,-3.61824
1410,391.3888889,0.5561074036069359,5.4,0.0,-3.71007
1411,391.6666667,0.555897768899322,5.4,0.0,-3.80256
1412,391.9444444,0.5556881188015488,5.4,0.0,-3.89602
1413,392.2222222,0.5549011661527219,20.18,0.0,-3.99087
1414,392.5,0.5541140431425393,20.18,0.0,-4.08569
1415,392.7777778,0.5533267386566852,20.18,0.0,-4.17945
1416,393.0555556,0.5525392528794636,20.18,0.0,-4.27188
1417,393.3333333,0.551751585144686,20.18,0.0,-4.36365
1418,393.6111111,0.5509637356364451,20.18,0.0,-4.45417
1419,393.8888889,0.549584191992611,35.18,0.0,-4.28524
1420,394.1666667,0.548204237859972,35.18,0.0,-3.97157
1421,394.4444444,0.546823919786717,35.18,0.0,-3.65537
1422,394.7222222,0.545443238143296,35.18,0.0,-3.33786
1423,395.0,0.5440621928035692,35.18,0.0,-3.02004
1424,395.2777778,0.5432640790707648,20.4,0.0,-2.70153
1425,395.5555556,0.5424657960152041,20.4,0.0,-2.38361
1426,395.8333333,0.5416673429727504,20.4,0.0,-2.06674
1427,396.1111111,0.540868720141223,20.4,0.0,-1.75215
1428,396.3888889,0.5400699274310519,20.4,0.0,-1.43957
1429,396.6666667,0.5392709650402259,20.4,0.0,-1.12993
1430,396.9444444,0.5384718320569212,20.4,0.0,-0.82208
1431,397.2222222,0.5376725286513386,20.4,0.0,-0.51796
1432,397.5,0.5368730547295424,20.4,0.0,-0.21609
1433,397.7777778,0.5360734101975188,20.4,0.0,0.083261
1434,398.0555556,0.5346894638040234,35.18,0.0,0.379573
1435,398.3333333,0.5333050842538618,35.18,0.0,0.674188
1436,398.6111111,0.5325133795730231,20.18,0.0,0.728948
1437,398.8888889,0.5317215196976454,20.18,0.0,0.619971
1438,399.1666667,0.5309295048342646,20.18,0.0,0.510531
1439,399.4444444,0.5301373343340364,20.18,0.0,0.40053
1440,399.7222222,0.5293450084033202,20.18,0.0,0.291576
1441,400.0,0.5285525162985719,20.18,0.0,0.183106
1442,400.2777778,0.5277598556855861,20.18,0.0,0.076432
1443,400.5555556,0.5269670267497601,20.18,0.0,-0.02942
1444,400.8333333,0.5261740288202005,20.18,0.0,-0.13352
1445,401.1111111,0.5259624380195059,5.4,0.0,-0.23573
1446,401.3888889,0.5257508339160847,5.4,0.0,-0.33748
1447,401.6666667,0.5255392165838008,5.4,0.0,-0.43836
1448,401.9444444,0.5253275858679753,5.4,0.0,-0.53921
1449,402.2222222,0.5251159418424663,5.4,0.0,-0.6409
1450,402.5,0.5249042845049532,5.4,0.0,-0.74355
1451,402.7777778,0.524692614520625,5.4,0.0,-0.84679
1452,403.0555556,0.5244809327723118,5.4,0.0,-0.95029
1453,403.3333333,0.5242692391058018,5.4,0.0,-1.05555
1454,403.6111111,0.5240575335954908,5.4,0.0,-1.16113
1455,403.8888889,0.5238458162395725,5.4,0.0,-1.26759
1456,404.1666667,0.5230521643783308,20.18,0.0,-1.37458
1457,404.4444444,0.5222583686110779,20.18,0.0,-1.48229
1458,404.7222222,0.521464429154184,20.18,0.0,-1.589
1459,405.0,0.5206703459383044,20.18,0.0,-1.69407
1460,405.2777778,0.5198761188940423,20.18,0.0,-1.79874
1461,405.5555556,0.5190817475600759,20.18,0.0,-1.90136
1462,405.8333333,0.5182872276235007,20.18,0.0,-2.0019
1463,406.1111111,0.517492559294541,20.18,0.0,-2.10148
1464,406.3888889,0.5166977424974383,20.18,0.0,-2.19807
1465,406.6666667,0.5159027774425606,20.18,0.0,-2.29399
1466,406.9444444,0.5151076634817052,20.18,0.0,-2.38795
1467,407.2222222,0.5148954690937336,5.4,0.0,-2.47974
1468,407.5,0.5146832628690824,5.4,0.0,-2.57096
1469,407.7777778,0.5144710449763249,5.4,0.0,-2.66245
1470,408.0555556,0.514258815490097,5.4,0.0,-2.75275
1471,408.3333333,0.5140465742558311,5.4,0.0,-2.84448
1472,408.6111111,0.5138343213481582,5.4,0.0,-2.9367
1473,408.8888889,0.5136220567653106,5.4,0.0,-3.0303
1474,409.1666667,0.5134097805819396,5.4,0.0,-3.12407
1475,409.4444444,0.513197492643442,5.4,0.0,-3.21977
1476,409.7222222,0.5129851930244641,5.4,0.0,-3.31533
1477,410.0,0.512772881723236,5.4,0.0,-3.41231
1478,410.2777778,0.5119771552448361,20.18,0.0,-3.51014
1479,410.5555556,0.5111812799531336,20.18,0.0,-3.60763
1480,410.8333333,0.5103852551963706,20.18,0.0,-3.7043
1481,411.1111111,0.5095890811821598,20.18,0.0,-3.80023
1482,411.3888889,0.508792762276329,20.18,0.0,-3.89472
1483,411.6666667,0.5079963028618567,20.18,0.0,-3.98707
1484,411.9444444,0.507199702296928,20.18,0.0,-4.07796
1485,412.2222222,0.5064029607997492,20.18,0.0,-4.1678
1486,412.5,0.5056060783017987,20.18,0.0,-4.25515
1487,412.7777778,0.5048090547345023,20.18,0.0,-4.34192
1488,413.0555556,0.5045963263800403,5.4,0.0,-4.42599
1489,413.3333333,0.5043835865062797,5.4,0.0,-4.50926
1490,413.6111111,0.503577613572078,20.4,0.0,-4.27377
1491,413.8888889,0.5027714919340566,20.4,0.0,-3.95617
1492,414.1666667,0.5019652218052618,20.4,0.0,-3.6377
1493,414.4444444,0.5011588025279561,20.4,0.0,-3.3208
1494,414.7222222,0.5003522343150008,20.4,0.0,-3.00566
1495,415.0,0.49954551708898876,20.4,0.0,-2.6922
1496,415.2777778,0.49873865821244334,20.4,0.0,-2.38163
1497,415.5555556,0.49793166367455566,20.4,0.0,-2.07304
1498,415.8333333,0.49712453282952845,20.4,0.0,-1.76769
1499,416.1111111,0.49572861588910005,35.18,0.0,-1.46358
1500,416.3888889,0.49433230999245087,35.18,0.0,-1.1622
1501,416.6666667,0.49293563048556377,35.18,0.0,-0.86205
1502,416.9444444,0.4915385926283579,35.18,0.0,-0.56282
1503,417.2222222,0.4901411966768437,35.18,0.0,-0.26404
1504,417.5,0.48874344238409095,35.18,0.0,0.034752
1505,417.7777778,0.48734529616111705,35.18,0.0,0.333353
1506,418.0555556,0.48594675445051894,35.18,0.0,0.631516
1507,418.3333333,0.48514642975065964,20.18,0.0,0.791481
1508,418.6111111,0.48434597083197417,20.18,0.0,0.690146
1509,418.8888889,0.4835453812059279,20.18,0.0,0.587244
1510,419.1666667,0.48333166990534737,5.4,0.0,0.484312
1511,419.4444444,0.4831179482917927,5.4,0.0,0.381373
1512,419.7222222,0.48290421644086023,5.4,0.0,0.278841
1513,420.0,0.4826904743512137,5.4,0.0,0.174684
1514,420.2777778,0.4824767220215165,5.4,0.0,0.069952
1515,420.5555556,0.4822629595273863,5.4,0.0,-0.03632
1516,420.8333333,0.48204918671358044,5.4,0.0,-0.14252
1517,421.1111111,0.4818354036557124,5.4,0.0,-0.25049
1518,421.3888889,0.48162161035244455,5.4,0.0,-0.35934
1519,421.6666667,0.481407806879408,5.4,0.0,-0.46851
1520,421.9444444,0.48119399308132943,5.4,0.0,-0.57897
1521,422.2222222,0.48039286470665304,20.18,0.0,-0.69026
1522,422.5,0.47959160612179064,20.18,0.0,-0.80187
1523,422.7777778,0.47879022394896875,20.18,0.0,-0.91182
1524,423.0555556,0.4779887248532916,20.18,0.0,-1.02173
1525,423.3333333,0.47718710820899596,20.18,0.0,-1.1298
1526,423.6111111,0.4763853742558204,20.18,0.0,-1.23565
1527,423.8888889,0.4755835229449719,20.18,0.0,-1.33963
1528,424.1666667,0.4747815545163334,20.18,0.0,-1.44232
1529,424.4444444,0.47397946594405027,20.18,0.0,-1.54286
1530,424.7222222,0.47317725105250796,20.18,0.0,-1.64231
1531,425.0,0.47237490978425745,20.18,0.0,-1.73926
1532,425.2777778,0.472160720348212,5.4,0.0,-1.83473
1533,425.5555556,0.4719465212321074,5.4,0.0,-1.92918
1534,425.8333333,0.4717323122805116,5.4,0.0,-2.02364
1535,426.1111111,0.47151809356932056,5.4,0.0,-2.11901
1536,426.3888889,0.4713038650973216,5.4,0.0,-2.21475
1537,426.6666667,0.47108962694042755,5.4,0.0,-2.31054
1538,426.9444444,0.47087537894317744,5.4,0.0,-2.4077
1539,427.2222222,0.47066112118147996,5.4,0.0,-2.50551
1540,427.5,0.4704468536541217,5.4,0.0,-2.60443
1541,427.7777778,0.4702325763598886,5.4,0.0,-2.70384
1542,428.0555556,0.4694297467204206,20.18,0.0,-2.8044
1543,428.3333333,0.46862679642062166,20.18,0.0,-2.9051
1544,428.6111111,0.46782372826166657,20.18,0.0,-3.00612
1545,428.8888889,0.4670205421950214,20.18,0.0,-3.10598
1546,429.1666667,0.4662172384613097,20.18,0.0,-3.2046
1547,429.4444444,0.465413816433596,20.18,0.0,-3.30199
1548,429.7222222,0.46461027635239543,20.18,0.0,-3.39714
1549,430.0,0.4638066202967746,20.18,0.0,-3.49169
1550,430.2777778,0.4630028504795779,20.18,0.0,-3.58398
1551,430.5555556,0.46219896714452324,20.18,0.0,-3.6741
1552,430.8333333,0.4613949696671453,20.18,0.0,-3.76258
1553,431.1111111,0.46118032915844814,5.4,0.0,-3.84972
1554,431.3888889,0.46096567966323926,5.4,0.0,-3.9358
1555,431.6666667,0.4607510212577817,5.4,0.0,-4.02116
1556,431.9444444,0.4605363537865103,5.4,0.0,-4.10657
1557,432.2222222,0.4603216773256843,5.4,0.0,-4.19319
1558,432.5,0.46010699187428905,5.4,0.0,-4.27969
1559,432.7777778,0.4598922974313099,5.4,0.0,-4.3673
1560,433.0555556,0.45967759417272996,5.4,0.0,-4.45622
1561,433.3333333,0.4588644223861929,20.4,0.0,-4.42
1562,433.6111111,0.4580511386918308,20.4,0.0,-4.11037
1563,433.8888889,0.4572377430466802,20.4,0.0,-3.801
1564,434.1666667,0.45583136912687094,35.18,0.0,-3.49214
1565,434.4444444,0.45442467862164587,35.18,0.0,-3.18511
1566,434.7222222,0.4530176653834745,35.18,0.0,-2.87811
1567,435.0,0.45161031985658734,35.18,0.0,-2.57105
1568,435.2777778,0.4502026418095817,35.18,0.0,-2.26505
1569,435.5555556,0.44879463151766824,35.18,0.0,-1.95785
1570,435.8333333,0.44738628056751234,35.18,0.0,-1.65082
1571,436.1111111,0.44597758802297466,35.18,0.0,-1.34421
1572,436.3888889,0.44456855364545184,35.18,0.0,-1.03755
1573,436.6666667,0.4431591844506778,35.18,0.0,-0.73085
1574,436.9444444,0.4417494944894777,35.18,0.0,-0.42437
1575,437.2222222,0.4409338640932654,20.4,0.0,-0.11775
1576,437.5,0.4401181252322419,20.4,0.0,0.187994
1577,437.7777778,0.4393022778644639,20.4,0.0,0.492433
1578,438.0555556,0.43908682176496794,5.4,0.0,0.772429
1579,438.3333333,0.43887135734342697,5.4,0.0,0.672749
1580,438.6111111,0.43865588467656386,5.4,0.0,0.569159
1581,438.8888889,0.43844040376353954,5.4,0.0,0.462313
1582,439.1666667,0.43822491468109126,5.4,0.0,0.353119
1583,439.4444444,0.4380094172732309,5.4,0.0,0.24289
1584,439.7222222,0.4377939116166922,5.4,0.0,0.131103
1585,440.0,0.43757839771063584,5.4,0.0,0.018391
1586,440.2777778,0.4367710375333029,20.18,0.0,-0.09649
1587,440.5555556,0.4359635758155966,20.18,0.0,-0.21031
1588,440.8333333,0.4351560119405685,20.18,0.0,-0.32418
1589,441.1111111,0.43434834616323575,20.18,0.0,-0.43662
1590,441.3888889,0.43354057476013463,20.18,0.0,-0.54774
1591,441.6666667,0.43273269709834555,20.18,0.0,-0.65752
1592,441.9444444,0.43192471255479237,20.18,0.0,-0.76503
1593,442.2222222,0.4311166213788029,20.18,0.0,-0.87096
1594,442.5,0.43030842352888027,20.18,0.0,-0.97486
1595,442.7777778,0.4295001189635005,20.18,0.0,-1.07706
1596,443.0555556,0.42928431590394567,5.4,0.0,-1.17752
1597,443.3333333,0.42906850472106756,5.4,0.0,-1.27644
1598,443.6111111,0.4288526854917519,5.4,0.0,-1.3755
1599,443.8888889,0.428636858215198,5.4,0.0,-1.47353
1600,444.1666667,0.4284210229683058,5.4,0.0,-1.57266
1601,444.4444444,0.428205179594876,5.4,0.0,-1.67198
1602,444.7222222,0.4279893281718051,5.4,0.0,-1.77181
1603,445.0,0.427773468698292,5.4,0.0,-1.87343
1604,445.2777778,0.42755760117353553,5.4,0.0,-1.97432
1605,445.5555556,0.4273417256744493,5.4,0.0,-2.07763
1606,445.8333333,0.4271258420448042,5.4,0.0,-2.18054
1607,446.1111111,0.42631710603850664,20.18,0.0,-2.28455
1608,446.3888889,0.42550826765853617,20.18,0.0,-2.38928
1609,446.6666667,0.42469932715905095,20.18,0.0,-2.49321
1610,446.9444444,0.42389028391224887,20.18,0.0,-2.5964
1611,447.2222222,0.4230811381577462,20.18,0.0,-2.69801
1612,447.5,0.42227188985783465,20.18,0.0,-2.79835
1613,447.7777778,0.4214625389747832,20.18,0.0,-2.89605
1614,448.0555556,0.4206530857622399,20.18,0.0,-2.99331
1615,448.3333333,0.4198435295996574,20.18,0.0,-3.088
1616,448.6111111,0.4190338707369482,20.18,0.0,-3.18137
1617,448.8888889,0.418224109120698,20.18,0.0,-3.27314
1618,449.1666667,0.4180079167971602,5.4,0.0,-3.36245
1619,449.4444444,0.417791716546974,5.4,0.0,-3.45121
1620,449.7222222,0.41757550844720226,5.4,0.0,-3.53955
1621,450.0,0.4173592924970811,5.4,0.0,-3.6285
1622,450.2777778,0.41714306869584683,5.4,0.0,-3.7181
1623,450.5555556,0.41692683712057876,5.4,0.0,-3.80771
1624,450.8333333,0.41671059761482887,5.4,0.0,-3.89901
1625,451.1111111,0.41649435025567355,5.4,0.0,-3.99067
1626,451.3888889,0.41627809504234836,5.4,0.0,-4.08348
1627,451.6666667,0.41606183205194347,5.4,0.0,-4.17711
1628,451.9444444,0.4158455611279879,5.4,0.0,-4.27154
1629,452.2222222,0.4150353674976586,20.18,0.0,-4.36673
1630,452.5,0.4142250709170651,20.18,0.0,-4.46283
1631,452.7777778,0.41280880860084157,35.18,0.0,-4.20032
1632,453.0555556,0.4113922496892457,35.18,0.0,-3.89321
1633,453.3333333,0.4099753929790925,35.18,0.0,-3.58467
1634,453.6111111,0.4085582394100537,35.18,0.0,-3.27562
1635,453.8888889,0.4071408235335377,35.18,0.0,-2.96474
1636,454.1666667,0.4057231457354545,35.18,0.0,-2.65365
1637,454.4444444,0.40430520487062754,35.18,0.0,-2.3426
1638,454.7222222,0.4028869718651205,35.18,0.0,-2.03086
1639,455.0,0.4014684158564417,35.18,0.0,-1.72022
1640,455.2777778,0.40064761849147273,20.4,0.0,-1.40816
1641,455.5555556,0.39982671551368276,20.4,0.0,-1.097
1642,455.8333333,0.39900570728531654,20.4,0.0,-0.7884
1643,456.1111111,0.39818459777892995,20.4,0.0,-0.48128
1644,456.3888889,0.3973633869577108,20.4,0.0,-0.17697
1645,456.6666667,0.39654207508049727,20.4,0.0,0.124751
1646,456.9444444,0.3957206615191241,20.4,0.0,0.42435
1647,457.2222222,0.39489914653234703,20.4,0.0,0.720856
1648,457.5,0.39468219097032947,5.4,0.0,0.71447
1649,457.7777778,0.3944652279275774,5.4,0.0,0.604896
1650,458.0555556,0.3936524436038976,20.18,0.0,0.492533
1651,458.3333333,0.39283955962884076,20.18,0.0,0.378449
1652,458.6111111,0.3920265762586529,20.18,0.0,0.26359
1653,458.8888889,0.3912134934569899,20.18,0.0,0.14873
1654,459.1666667,0.3904003114802315,20.18,0.0,0.034569
1655,459.4444444,0.38958702970653325,20.18,0.0,-0.07796
1656,459.7222222,0.38877364839563394,20.18,0.0,-0.18873
1657,460.0,0.38796016751443957,20.18,0.0,-0.299
1658,460.2777778,0.3871465870264993,20.18,0.0,-0.40657
1659,460.5555556,0.3863329071882643,20.18,0.0,-0.51307
1660,460.8333333,0.38551912737742416,20.18,0.0,-0.61766
1661,461.1111111,0.385301875257869,5.4,0.0,-0.72018
1662,461.3888889,0.385084615629602,5.4,0.0,-0.82212
1663,461.6666667,0.3848673485701452,5.4,0.0,-0.92328
1664,461.9444444,0.3846500737025651,5.4,0.0,-1.02394
1665,462.2222222,0.38443279096411664,5.4,0.0,-1.1258
1666,462.5,0.38421550035404184,5.4,0.0,-1.22784
1667,462.7777778,0.3839982018715823,5.4,0.0,-1.33061
1668,463.0555556,0.3837808955942098,5.4,0.0,-1.43419
1669,463.3333333,0.38356358136470786,5.4,0.0,-1.53881
1670,463.6111111,0.38334625926054544,5.4,0.0,-1.64407
1671,463.8888889,0.3831289292809634,5.4,0.0,-1.74974
1672,464.1666667,0.3823147299022584,20.18,0.0,-1.85625
1673,464.4444444,0.38150043043293225,20.18,0.0,-1.9633
1674,464.7222222,0.38068603113114063,20.18,0.0,-2.0702
1675,465.0,0.3798715319619437,20.18,0.0,-2.17525
1676,465.2777778,0.3790569336119828,20.18,0.0,-2.27896
1677,465.5555556,0.3782422401945551,20.18,0.0,-2.3809
1678,465.8333333,0.3774274510907935,20.18,0.0,-2.4816
1679,466.1111111,0.3766125665616133,20.18,0.0,-2.58008
1680,466.3888889,0.3757975865746554,20.18,0.0,-2.67675
1681,466.6666667,0.37498251139096994,20.18,0.0,-2.77251
1682,466.9444444,0.37416734019321485,20.18,0.0,-2.86561
1683,467.2222222,0.37394971442716607,5.4,0.0,-2.9575
1684,467.5,0.3737320806691214,5.4,0.0,-3.04807
1685,467.7777778,0.37351443891829333,5.4,0.0,-3.13894
1686,468.0555556,0.37329678925224796,5.4,0.0,-3.22956
1687,468.3333333,0.37307913151349265,5.4,0.0,-3.32162
1688,468.6111111,0.3728614657795903,5.4,0.0,-3.41374
1689,468.8888889,0.3726437920497529,5.4,0.0,-3.50688
1690,469.1666667,0.37242611040155765,5.4,0.0,-3.60066
1691,469.4444444,0.3722084206774884,5.4,0.0,-3.69558
1692,469.7222222,0.371990722955119,5.4,0.0,-3.79174
1693,470.0,0.37177301723366085,5.4,0.0,-3.8882
1694,470.2777778,0.3709574059727527,20.18,0.0,-3.98608
1695,470.5555556,0.3701416900495445,20.18,0.0,-4.08334
1696,470.8333333,0.36932586883693935,20.18,0.0,-4.18045
1697,471.1111111,0.3685099425755577,20.18,0.0,-4.27593
1698,471.3888889,0.3676939112222177,20.18,0.0,-4.37026
1699,471.6666667,0.3668777750302339,20.18,0.0,-4.46264
1700,471.9444444,0.3654511901491476,35.18,0.0,-4.15626
1701,472.2222222,0.36402427664856285,35.18,0.0,-3.84494
1702,472.5,0.36259703057506615,35.18,0.0,-3.53162
1703,472.7777778,0.3611694499627215,35.18,0.0,-3.21664
1704,473.0555556,0.36034354463394425,20.4,0.0,-2.90141
1705,473.3333333,0.35951753113035606,20.4,0.0,-2.58555
1706,473.6111111,0.35869140971297847,20.4,0.0,-2.2712
1707,473.8888889,0.35786518034364184,20.4,0.0,-1.95723
1708,474.1666667,0.3570388432769741,20.4,0.0,-1.64653
1709,474.4444444,0.35621239787516845,20.4,0.0,-1.3382
1710,474.7222222,0.3553858443927549,20.4,0.0,-1.03157
1711,475.0,0.35455918278679194,20.4,0.0,-0.72751
1712,475.2777778,0.35373241560509616,20.4,0.0,-0.42704
1713,475.5555556,0.3529055453738394,20.4,0.0,-0.12838
1714,475.8333333,0.35207857145963006,20.4,0.0,0.167477
1715,476.1111111,0.35064854468374546,35.18,0.0,0.460843
1716,476.3888889,0.3492182067470664,35.18,0.0,0.751482
1717,476.6666667,0.3483997183926593,20.18,0.0,0.747081
1718,476.9444444,0.347581114317915,20.18,0.0,0.635426
1719,477.2222222,0.3467623947674226,20.18,0.0,0.522906
1720,477.5,0.34594355969112023,20.18,0.0,0.41033
1721,477.7777778,0.3451246090389082,20.18,0.0,0.298208
1722,478.0555556,0.3443055430555128,20.18,0.0,0.187856
1723,478.3333333,0.34348636109794173,20.18,0.0,0.078307
1724,478.6111111,0.3426670634096398,20.18,0.0,-0.02913
1725,478.8888889,0.34184764993970274,20.18,0.0,-0.13654
1726,479.1666667,0.34162893975187064,5.4,0.0,-0.24049
1727,479.4444444,0.3414102212085096,5.4,0.0,-0.34462
1728,479.7222222,0.3411914943874967,5.4,0.0,-0.44837
1729,480.0,0.34097275928797627,5.4,0.0,-0.55189
1730,480.2777778,0.3407540159090926,5.4,0.0,-0.65658
1731,480.5555556,0.34053526432874015,5.4,0.0,-0.76072
1732,480.8333333,0.34031650438856487,5.4,0.0,-0.86693
1733,481.1111111,0.3400977361664578,5.4,0.0,-0.9735
1734,481.3888889,0.3398789596615627,5.4,0.0,-1.08078
1735,481.6666667,0.33966017476792215,5.4,0.0,-1.18928
1736,481.9444444,0.33944138117863626,5.4,0.0,-1.29813
1737,482.2222222,0.3386214808774146,20.18,0.0,-1.40733
1738,482.5,0.337801459865197,20.18,0.0,-1.51711
1739,482.7777778,0.33698131808672277,20.18,0.0,-1.62573
1740,483.0555556,0.33616105578198147,20.18,0.0,-1.7335
1741,483.3333333,0.33534067230507897,20.18,0.0,-1.8394
1742,483.6111111,0.33452016789587374,20.18,0.0,-1.94354
1743,483.8888889,0.3336995424996996,20.18,0.0,-2.046
1744,484.1666667,0.33287879635655243,20.18,0.0,-2.14699
1745,484.4444444,0.3320579288193315,20.18,0.0,-2.24665
1746,484.7222222,0.3312369401272092,20.18,0.0,-2.34371
1747,485.0,0.33041583022388743,20.18,0.0,-2.4392
1748,485.2777778,0.3301967021026547,5.4,0.0,-2.53258
1749,485.5555556,0.3299775655291353,5.4,0.0,-2.62568
1750,485.8333333,0.32975842030148317,5.4,0.0,-2.71887
1751,486.1111111,0.3295392661192126,5.4,0.0,-2.81212
1752,486.3888889,0.3293201029813069,5.4,0.0,-2.9056
1753,486.6666667,0.3291009309656514,5.4,0.0,-3.00064
1754,486.9444444,0.32888174991342844,5.4,0.0,-3.09618
1755,487.2222222,0.3286625599025197,5.4,0.0,-3.19208
1756,487.5,0.3284433609319078,5.4,0.0,-3.28956
1757,487.7777778,0.32822415300057534,5.4,0.0,-3.38796
1758,488.0555556,0.32740255281202624,20.18,0.0,-3.48714
1759,488.3333333,0.32658082138428024,20.18,0.0,-3.58602
1760,488.6111111,0.32575895894607526,20.18,0.0,-3.68601
1761,488.8888889,0.3249369654303591,20.18,0.0,-3.78458
1762,489.1666667,0.3241148396154106,20.18,0.0,-3.8817
1763,489.4444444,0.3232925633647129,20.18,0.0,-3.97757
1764,489.7222222,0.3224701368842735,20.18,0.0,-4.07147
1765,490.0,0.3216475600840933,20.18,0.0,-4.16408
1766,490.2777778,0.32082483287407804,20.18,0.0,-4.25501
1767,490.5555556,0.3200019554602732,20.18,0.0,-4.3441
1768,490.8333333,0.31917892715997515,20.18,0.0,-4.43174
1769,491.1111111,0.3183467301838247,20.4,0.0,-4.41875
1770,491.3888889,0.3175143740558498,20.4,0.0,-4.1036
1771,491.6666667,0.31668185897606915,20.4,0.0,-3.78674
1772,491.9444444,0.3158491842453313,20.4,0.0,-3.4704
1773,492.2222222,0.3150163500633759,20.4,0.0,-3.15457
1774,492.5,0.31418335633018396,20.4,0.0,-2.84105
1775,492.7777778,0.31335018851940205,20.4,0.0,-2.52939
1776,493.0555556,0.3125168465195739,20.4,0.0,-2.21979
1777,493.3333333,0.31168332960774664,20.4,0.0,-1.91354
1778,493.6111111,0.3108496379606967,20.4,0.0,-1.60893
1779,493.8888889,0.3100157714551046,20.4,0.0,-1.30739
1780,494.1666667,0.3085724186992941,35.18,0.0,-1.00842
1781,494.4444444,0.30712837399597714,35.18,0.0,-0.70995
1782,494.7222222,0.3056836356768766,35.18,0.0,-0.41435
1783,495.0,0.3042382024970573,35.18,0.0,-0.11938
1784,495.2777778,0.3027920981617974,35.18,0.0,0.175438
1785,495.5555556,0.3013453444746889,35.18,0.0,0.469857
1786,495.8333333,0.29989793932319797,35.18,0.0,0.764387
1787,496.1111111,0.2990706721978309,20.18,0.0,0.79719
1788,496.3888889,0.2982431941219694,20.18,0.0,0.691117
1789,496.6666667,0.29741550520500765,20.18,0.0,0.584239
1790,496.9444444,0.2965876046622068,20.18,0.0,0.477954
1791,497.2222222,0.29636693215508425,5.4,0.0,0.37209
1792,497.5,0.29614624708102505,5.4,0.0,0.266997
1793,497.7777778,0.2959255494379174,5.4,0.0,0.161474
1794,498.0555556,0.2957048393031045,5.4,0.0,0.055421
1795,498.3333333,0.29548411651556655,5.4,0.0,-0.05177
1796,498.6111111,0.29526338115264117,5.4,0.0,-0.15973
1797,498.8888889,0.2950426332122139,5.4,0.0,-0.26819
1798,499.1666667,0.2948218727716438,5.4,0.0,-0.37805
1799,499.4444444,0.2946011005114254,5.4,0.0,-0.48854
1800,499.7222222,0.2943803167106708,5.4,0.0,-0.60006
1801,500.0,0.2941595213676385,5.4,0.0,-0.71255
1802,500.2777778,0.2933307901840739,20.18,0.0,-0.82493
1803,500.5555556,0.29250187643262066,20.18,0.0,-0.9375
1804,500.8333333,0.2916727793804628,20.18,0.0,-1.04944
1805,501.1111111,0.290843499189699,20.18,0.0,-1.15953
1806,501.3888889,0.2900140357239031,20.18,0.0,-1.26875
1807,501.6666667,0.28918438914514094,20.18,0.0,-1.37652
1808,501.9444444,0.28835453964885915,20.18,0.0,-1.48213
1809,502.2222222,0.2875244870352694,20.18,0.0,-1.5858
1810,502.5,0.2866942311336215,20.18,0.0,-1.68762
1811,502.7777778,0.2858637717729077,20.18,0.0,-1.78725
1812,503.0555556,0.2856425395873116,5.4,0.0,-1.88578
1813,503.3333333,0.2854212948479083,5.4,0.0,-1.98239
1814,503.6111111,0.2852000376322806,5.4,0.0,-2.07912
1815,503.8888889,0.2849787679383716,5.4,0.0,-2.17476
1816,504.1666667,0.28475748589424077,5.4,0.0,-2.27132
1817,504.4444444,0.2845361918139797,5.4,0.0,-2.36795
1818,504.7222222,0.28431488577537806,5.4,0.0,-2.46573
1819,505.0,0.28409356777656775,5.4,0.0,-2.56438
1820,505.2777778,0.2838722378156803,5.4,0.0,-2.66398
1821,505.5555556,0.28365089597052956,5.4,0.0,-2.76416
1822,505.8333333,0.2834295420798842,5.4,0.0,-2.86503
1823,506.1111111,0.2825982817385056,20.18,0.0,-2.96724
1824,506.3888889,0.2817668319867319,20.18,0.0,-3.06992
1825,506.6666667,0.28093519297876307,20.18,0.0,-3.17146
1826,506.9444444,0.28010336397049856,20.18,0.0,-3.27246
1827,507.2222222,0.2792713451156723,20.18,0.0,-3.37253
1828,507.5,0.27843909760888497,20.18,0.0,-3.4706
1829,507.7777778,0.27760661574155693,20.18,0.0,-3.56728
1830,508.0555556,0.27677389958323895,20.18,0.0,-3.66219
1831,508.3333333,0.27594094830382554,20.18,0.0,-3.75519
1832,508.6111111,0.27510776197196746,20.18,0.0,-3.84656
1833,508.8888889,0.2742743403562117,20.18,0.0,-3.9362
1834,509.1666667,0.27405245549921,5.4,0.0,-4.02449
1835,509.4444444,0.2738305564269995,5.4,0.0,-4.11143
1836,509.7222222,0.2736086432167896,5.4,0.0,-4.19851
1837,510.0,0.27338671586591556,5.4,0.0,-4.28519
1838,510.2777778,0.2731647743717116,5.4,0.0,-4.37276
1839,510.5555556,0.27294281881141497,5.4,0.0,-4.46113
1840,510.8333333,0.27209960861493415,20.4,0.0,-4.3823
1841,511.1111111,0.2712561566458692,20.4,0.0,-4.07294
1842,511.3888889,0.2704124626634112,20.4,0.0,-3.76305
1843,511.6666667,0.26956852673013726,20.4,0.0,-3.45381
1844,511.9444444,0.26872433774116444,20.4,0.0,-3.14605
1845,512.2222222,0.26725954246133443,35.18,0.0,-2.84132
1846,512.5,0.2657938070685172,35.18,0.0,-2.53763
1847,512.7777778,0.26432712931233115,35.18,0.0,-2.23433
1848,513.0555556,0.2628595204993274,35.18,0.0,-1.93176
1849,513.3333333,0.2613909928646733,35.18,0.0,-1.62881
1850,513.6111111,0.2599215449040798,35.18,0.0,-1.32674
1851,513.8888889,0.2584511742806636,35.18,0.0,-1.02441
1852,514.1666667,0.25697987424529106,35.18,0.0,-0.72183
1853,514.4444444,0.25550764173233076,35.18,0.0,-0.4197
1854,514.7222222,0.2540344752567727,35.18,0.0,-0.11682
1855,515.0,0.25256043449601073,35.18,0.0,0.18457
1856,515.2777778,0.2517108475342625,20.4,0.0,0.486892
1857,515.5555556,0.25086099895616615,20.4,0.0,0.788344
1858,515.8333333,0.2506374616669998,5.4,0.0,0.729152
1859,516.1111111,0.2504139068986714,5.4,0.0,0.623763
1860,516.3888889,0.2501903346472296,5.4,0.0,0.510476
1861,516.6666667,0.24996674498921426,5.4,0.0,0.395791
1862,516.9444444,0.24974313775362333,5.4,0.0,0.279118
1863,517.2222222,0.24951951298225078,5.4,0.0,0.160828
1864,517.5,0.2492958706711421,5.4,0.0,0.041489
1865,517.7777778,0.24907221081634137,5.4,0.0,-0.0788
1866,518.0555556,0.24823079013557733,20.18,0.0,-0.20034
1867,518.3333333,0.24738911733435492,20.18,0.0,-0.32184
1868,518.6111111,0.24654719248310666,20.18,0.0,-0.44422
1869,518.8888889,0.24570501534907713,20.18,0.0,-0.56498
1870,519.1666667,0.24486258600241753,20.18,0.0,-0.68491
1871,519.4444444,0.24401990027952694,20.18,0.0,-0.80327
1872,519.7222222,0.24317694117019995,20.18,0.0,-0.91945
1873,520.0,0.24233370839300755,20.18,0.0,-1.03422
1874,520.2777778,0.24149020166601837,20.18,0.0,-1.14669
1875,520.5555556,0.24064642101055905,20.18,0.0,-1.25701
1876,520.8333333,0.239802365536266,20.18,0.0,-1.36648
1877,521.1111111,0.239577969194004,5.4,0.0,-1.47392
1878,521.3888889,0.23935355437322106,5.4,0.0,-1.57972
1879,521.6666667,0.23912912115029014,5.4,0.0,-1.68455
1880,521.9444444,0.23890466935920113,5.4,0.0,-1.79045
1881,522.2222222,0.23868019907631688,5.4,0.0,-1.89623
1882,522.5,0.23845571029720894,5.4,0.0,-2.00322
1883,522.7777778,0.23823120301744705,5.4,0.0,-2.10998
1884,523.0555556,0.2380066773134286,5.4,0.0,-2.21803
1885,523.3333333,0.23778213301906784,5.4,0.0,-2.32663
1886,523.6111111,0.23755757021075175,5.4,0.0,-2.43611
1887,523.8888889,0.23733298888404286,5.4,0.0,-2.54671
1888,524.1666667,0.23648782583980993,20.18,0.0,-2.6574
1889,524.4444444,0.23564238666925044,20.18,0.0,-2.76865
1890,524.7222222,0.23479667139082666,20.18,0.0,-2.87895
1891,525.0,0.23395067973600253,20.18,0.0,-2.98837
1892,525.2777778,0.23310441147189,20.18,0.0,-3.09683
1893,525.5555556,0.23225786661276088,20.18,0.0,-3.2027
1894,525.8333333,0.2314110442581851,20.18,0.0,-3.30745
1895,526.1111111,0.2305639444212683,20.18,0.0,-3.41027
1896,526.3888889,0.2297165668099247,20.18,0.0,-3.51103
1897,526.6666667,0.2288689097379243,20.18,0.0,-3.60992
1898,526.9444444,0.22802096891259016,20.18,0.0,-3.70821
1899,527.2222222,0.22666791661966557,32.0,0.0,-3.80337
1900,527.5,0.22531407831262876,32.0,0.0,-3.89395
1901,527.7777778,0.22395945855173297,32.0,0.0,-3.98102
1902,528.0555556,0.2226041662743591,32.0,0.0,-4.06385
1903,528.3333333,0.22124823457885828,32.0,0.0,-4.14247
1904,528.6111111,0.22294175815333542,32.0,75.75374589231492,-4.21799
1905,528.8888889,0.22463377398438472,32.0,75.72491273831845,-4.29036
1906,529.1666667,0.22632492782087885,32.0,75.71187136568413,-4.35914
1907,529.4444444,0.22801593081158536,32.0,75.71350186538844,-4.42424
1908,529.7222222,0.22970778947571513,32.0,75.72879837508255,-4.4867
1909,530.0,0.2314010071220185,32.0,75.7568853841402,-4.5454
1910,530.2777778,0.23309602454816147,32.0,75.7970169100452,-4.60098
1911,530.5555556,0.23479316037842327,32.0,75.84855832525261,-4.65364
1912,530.8333333,0.23649283452889197,32.0,75.9109568497509,-4.40309
1913,531.1111111,0.2375491792399933,47.0,75.98370950326363,-4.0484
1914,531.3888889,0.23860909798336674,47.0,76.06633586177335,-3.69009
1915,531.6666667,0.23967290864694477,47.0,76.15835926191511,-3.32918
1916,531.9444444,0.24074095667590592,47.0,76.25929662717445,-2.96574
1917,532.2222222,0.24181356921576658,47.0,76.36865509979297,-2.60043
1918,532.5,0.24289105358479898,47.0,76.48593312161518,-2.23334
1919,532.7777778,0.2439736979673597,47.0,76.61062390476144,-1.86421
1920,533.0555556,0.2450617709711529,47.0,76.74221983051444,-1.49457
1921,533.3333333,0.24655376003620735,37.739999999999995,76.8802168793957,-1.12485
1922,533.6111111,0.2480513479224965,37.739999999999995,77.02411862094814,-0.75584
1923,533.8888889,0.24955450783958194,37.739999999999995,77.17343956689977,-0.38783
1924,534.1666667,0.25106342243671304,37.739999999999995,77.32770784865114,-0.25365
1925,534.4444444,0.2532143822299307,22.74,77.48646726513827,-0.28567
1926,534.7222222,0.255371061068475,22.74,77.64927877775946,-0.31896
1927,535.0,0.2575336052317657,22.74,77.81572154179389,-0.35144
1928,535.2777778,0.2597024491814974,22.74,77.9853935585168,-0.38325
1929,535.5555556,0.2618777975947955,22.74,78.1579120210876,-0.41346
1930,535.8333333,0.26405995189483694,22.74,78.33291341902154,-0.4425
1931,536.1111111,0.2662492993178487,22.74,78.51005345150796,-0.47001
1932,536.3888889,0.26844602455506855,22.74,78.68900679372655,-0.49608
1933,536.6666667,0.2706509089015133,22.74,78.86946674936716,-0.51998
1934,536.9444444,0.27286399496756925,22.74,79.05114481654157,-0.54185
1935,537.2222222,0.2750853636856857,22.74,79.23377018950114,-0.56314
1936,537.5,0.27731506756267604,22.74,79.41708921365235,-0.58151
1937,537.7777778,0.279553214750814,22.74,79.60086480577324,-0.59894
1938,538.0555556,0.2817998789891141,22.74,79.78487585282868,-0.61432
1939,538.3333333,0.2840547259230874,22.74,79.96891659607064,-0.62837
1940,538.6111111,0.28631734912303547,22.74,80.15279600988237,-0.64056
1941,538.8888889,0.2885878269733461,22.74,80.33633717499308,-0.65084
1942,539.1666667,0.2908664517337615,22.74,80.51937665910613,-0.65938
1943,539.4444444,0.29315318507323096,22.74,80.70176390018473,-0.66606
1944,539.7222222,0.29544769014816136,22.74,80.88336059992635,-0.67204
1945,540.0,0.2977499499039233,22.74,81.06404012701715,-0.67562
1946,540.2777778,0.3000605629789258,22.74,81.24368693427941,-0.67727
1947,540.5555556,0.30237964959315816,22.74,81.42219598746807,-0.67829
1948,540.8333333,0.3047067230300025,22.74,81.59947221039454,-0.6771
1949,541.1111111,0.30704152525259415,22.74,81.77542994414272,-0.67473
1950,541.3888889,0.3093841772826837,22.74,81.9499924229306,-0.67073
1951,541.6666667,0.31173479184367875,22.74,82.1230912644509,-0.66541
1952,541.9444444,0.31409312151901597,22.74,82.29466597891229,-0.65803
1953,542.2222222,0.31645880442760876,22.74,82.46466349229146,-0.65014
1954,542.5,0.3188316703227757,22.74,82.63303768656108,-0.64046
1955,542.7777778,0.32121134939211005,22.74,82.79974895722617,-0.62871
1956,543.0555556,0.3235977788146827,22.74,82.9647637857044,-0.61581
1957,543.3333333,0.32599093542141816,22.74,83.12805432747166,-0.60225
1958,543.6111111,0.3283907220638018,22.74,83.28959801824166,-0.58701
1959,543.8888889,0.33079684494150197,22.74,83.44937719287994,-0.57049
1960,544.1666667,0.33320855424487633,22.74,83.590294888585,-0.5525
1961,544.4444444,0.335625563641716,22.74,83.72853858095996,-0.53377
1962,544.7222222,0.3380477778061417,22.74,83.86460838632505,-0.51299
1963,545.0,0.34047498685589606,22.74,83.99850052052238,-0.4912
1964,545.2777778,0.342907082365849,22.74,84.13021442496735,-0.46839
1965,545.5555556,0.3453440128135696,22.74,84.25975247007702,-0.4454
1966,545.8333333,0.3477857011158535,22.74,84.38711967305458,-0.41946
1967,546.1111111,0.3502319510740696,22.74,84.51232342803989,-0.39406
1968,546.3888889,0.3526826364260298,22.74,84.63537325039186,-0.36728
1969,546.6666667,0.35513743701815664,22.74,84.75628053106703,-0.33954
1970,546.9444444,0.3575971515710686,22.74,84.89950884975815,-0.31025
1971,547.2222222,0.36006450273767976,22.74,85.10766293919556,-0.28036
1972,547.5,0.36253953619864077,22.74,85.3151762468394,-0.25044
1973,547.7777778,0.36502222296736236,22.74,85.52207273036164,-0.21876
1974,548.0555556,0.3675125375376274,22.74,85.72837727507401,-0.1863
1975,548.3333333,0.3700103555616611,22.74,85.93411552345586,-0.15344
1976,548.6111111,0.3725155961488417,22.74,86.13931371734604,-0.11999
1977,548.8888889,0.3750281345091079,22.74,86.34399854580374,-0.08501
1978,549.1666667,0.3775478907723552,22.74,86.548197004357,-0.04959
1979,549.4444444,0.38007478279745677,22.74,86.7519362604745,-0.01369
1980,549.7222222,0.3826087736635604,22.74,86.95524352896265,0.022652
1981,550.0,0.38514971008498744,22.74,87.15814595359973,0.06015
1982,550.2777778,0.3876974952789755,22.74,87.36067049755307,0.097465
1983,550.5555556,0.39025244300081235,22.74,87.5628438407274,0.136023
1984,550.8333333,0.39281467735596937,22.74,87.7646922832789,0.175258
1985,551.1111111,0.3953841817129549,22.74,87.96624165756481,0.214932
1986,551.3888889,0.3975856605316788,32.0,88.16751724499721,0.256794
1987,551.6666667,0.3997945127155982,32.0,88.36854370099806,0.301388
1988,551.9444444,0.40201066579268957,32.0,88.56934498328741,0.346849
1989,552.2222222,0.40423415808299207,32.0,88.7699442892041,0.394313
1990,552.5,0.4064650394486669,32.0,88.97036399601653,0.442569
1991,552.7777778,0.408703189349253,32.0,89.1706256082328,0.492476
1992,553.0555556,0.41094787683840417,32.0,89.37074970925372,0.542695
1993,553.3333333,0.41319910361148116,32.0,89.57075591767824,0.59354
1994,553.6111111,0.4154573265077204,32.0,89.77066285040222,0.645722
1995,553.8888889,0.41772261935387883,32.0,89.97048808592723,0.698437
1996,554.1666667,0.41999505364138423,32.0,90.17024813756856,0.751291
1997,554.4444444,0.42227465428442784,32.0,90.3699584265562,0.804914
1998,554.7222222,0.42456134302251947,32.0,90.5696332603617,0.858387
1999,555.0,0.42685502716930007,32.0,90.76928581569936,0.912692
2000,555.2777778,0.4291556554919742,32.0,90.96892812355372,0.967623
2001,555.5555556,0.4314631062956482,32.0,91.16857105943458,1.021695
2002,555.8333333,0.43377741038527007,32.0,91.3682243346146,1.076067
2003,556.1111111,0.4360988036937379,32.0,91.5678964930729,1.129959
2004,556.3888889,0.4384272582699879,32.0,91.76759490859786,1.184528
2005,556.6666667,0.44076222555766675,32.0,91.9673257877157,1.237839
2006,556.9444444,0.4431036627830468,32.0,92.1670941721648,1.290815
2007,557.2222222,0.44545190917311633,32.0,92.366903946037,1.342646
2008,557.5,0.4481794694629267,22.74,92.56675784424192,1.39133
2009,557.7777778,0.4509133891675197,22.74,92.76665746410995,1.437759
2010,558.0555556,0.4536536031197994,22.74,92.96660327734637,1.482955
2011,558.3333333,0.45640034417904884,22.74,93.16659464567732,1.527179
2012,558.6111111,0.45915350247917464,22.74,93.36662983765213,1.569478
2013,558.8888889,0.461912603281221,22.74,93.56670604722471,1.611168
2014,559.1666667,0.46467769394255093,22.74,93.76681941256322,1.652519
2015,559.4444444,0.4674488449467968,22.74,93.96696503981164,1.692739
2016,559.7222222,0.4702259149903101,22.74,94.16713702370222,1.732749
2017,560.0,0.47300878144537384,22.74,94.36732847298356,1.772246
2018,560.2777778,0.47579765087972226,22.74,94.5675315355424,1.811497
2019,560.5555556,0.4785925640466452,22.74,94.76773742423217,1.850149
2020,560.8333333,0.4813934289504793,22.74,94.9679364448286,1.887507
2021,561.1111111,0.4842001853643448,22.74,95.16811802301164,1.925564
2022,561.3888889,0.4870125092150076,22.74,95.36827073476084,1.963104
2023,561.6666667,0.48983045040891,22.74,95.56838233497582,2.000053
2024,561.9444444,0.4926540746388821,22.74,95.76843978780366,2.036968
2025,562.2222222,0.49548317204671927,22.74,95.96842929733842,2.072963
2026,562.5,0.49831763167491294,22.74,96.1683363391885,2.10951
2027,562.7777778,0.5011575134696357,22.74,96.36814569134286,2.144641
2028,563.0555556,0.5040027933589519,22.74,96.56784146648737,2.180763
2029,563.3333333,0.5068531036748644,22.74,96.76740714425388,2.216352
2030,563.6111111,0.5097082991663272,22.74,96.96682560301304,2.252382
2031,563.8888889,0.5125681268890564,22.74,97.1660791523658,2.286525
2032,564.1666667,0.5154327528525791,22.74,97.36514956582892,2.322001
2033,564.4444444,0.5183022661562328,22.74,97.56401811304391,2.356969
2034,564.7222222,0.5211761242442359,22.74,97.76266559214858,2.392061
2035,565.0,0.5240541610192064,22.74,97.96107236236163,2.427145
2036,565.2777778,0.526936028674825,22.74,98.15921837577172,2.461558
2037,565.5555556,0.5298218418780257,22.74,98.3570832089514,2.496757
2038,565.8333333,0.532711725911281,22.74,98.5546460953539,2.531593
2039,566.1111111,0.5356048184168254,22.74,98.75188595659291,2.565404
2040,566.3888889,0.5385006382276282,22.74,98.94878143269985,2.601009
2041,566.6666667,0.541398812909187,22.74,99.1453109134597,2.63531
2042,566.9444444,0.5442991229963773,22.74,99.34145256890352,2.670504
2043,567.2222222,0.5472008483653938,22.74,99.5371843786727,2.704941
2044,567.5,0.5501032241818308,22.74,99.73248416146753,2.739731
2045,567.7777778,0.5530053537354618,22.74,99.92732960431007,2.774483
2046,568.0555556,0.5559071890776516,22.74,100.12169829053832,2.809527
2047,568.3333333,0.5588086569611562,22.74,100.31556772790928,2.844879
2048,568.6111111,0.5617099057442456,22.74,100.508915375338,2.879701
2049,568.8888889,0.5646114621198575,22.74,100.70171867036552,2.915122
2050,569.1666667,0.5675145901071853,22.74,100.89395505442968,2.950586
2051,569.4444444,0.5704202041887662,22.74,101.08560199926086,2.985697
2052,569.7222222,0.5733290211328049,22.74,101.27663703026442,3.022034
2053,570.0,0.5762416049758382,22.74,101.46703775192104,3.056972
2054,570.2777778,0.5791581490754185,22.74,101.65678187061444,3.092955
2055,570.5555556,0.5820793140524818,22.74,101.845847217212,3.129177
2056,570.8333333,0.5850052342234882,22.74,102.03421176960484,3.165095
2057,571.1111111,0.5879361195776787,22.74,102.22185367383128,3.201151
2058,571.3888889,0.590872800819605,22.74,102.4087512644236,3.237928
2059,571.6666667,0.5938155791801712,22.74,102.59488308430204,3.274409
2060,571.9444444,0.5967648502625832,22.74,102.78022790427283,3.310726
2061,572.2222222,0.5997207699549576,22.74,102.96476474159265,3.347755
2062,572.5,0.6026837194825038,22.74,103.14847287668267,3.385041
2063,572.7777778,0.6056542514710863,22.74,103.33133187074988,3.422425
2064,573.0555556,0.6086326840090415,22.74,103.513321581964,3.459318
2065,573.3333333,0.6116189154808405,22.74,103.6944221808356,3.496787
2066,573.6111111,0.6146128692581306,22.74,103.87461416456846,3.534827
2067,573.8888889,0.6176143651728637,22.74,104.05387837109902,3.572825
2068,574.1666667,0.620623053996551,22.74,104.23219599262626,3.611046
2069,574.4444444,0.6236386850644666,22.74,104.40954858754348,3.648873
2070,574.7222222,0.6266617079674808,22.74,104.58591809261996,3.686811
2071,575.0,0.6296920539150512,22.74,104.76128683348,3.725511
2072,575.2777778,0.6327295080792283,22.74,104.9356375353067,3.764262
2073,575.5555556,0.635418793687096,32.0,105.10895333186532,3.805553
2074,575.8333333,0.6381149016240366,32.0,105.28121777484162,3.847377
2075,576.1111111,0.6408180094063697,32.0,105.45241484158127,3.889553
2076,576.3888889,0.6435281689066216,32.0,105.62252894273514,3.931311
2077,576.6666667,0.646244486704486,32.0,105.79154492860076,3.972434
2078,576.9444444,0.6489667695622294,32.0,105.95944809579704,4.013861
2079,577.2222222,0.6516955140055903,32.0,106.12622419178476,4.05458
2080,577.5,0.6544306790244128,32.0,106.2918594204534,4.094426
2081,577.7777778,0.6571723249479303,32.0,106.45634044550876,4.134805
2082,578.0555556,0.6599197825088968,32.0,106.61965439445942,4.174942
2083,578.3333333,0.6626719233311844,32.0,106.78178886071734,4.214325
2084,578.6111111,0.6654291969039999,32.0,106.94273190671016,4.252947
2085,578.8888889,0.6681919831795526,32.0,107.10247206466708,4.292162
2086,579.1666667,0.6709598190789026,32.0,107.26099833804778,4.331228
2087,579.4444444,0.6737325149042351,32.0,107.418300201825,4.36985
2088,579.7222222,0.6765104295598461,32.0,107.574367602741,4.408544
2089,580.0,0.6792935186571456,32.0,107.72919095768572,4.446399
2090,580.2777778,0.6820816411432106,32.0,107.88276115405873,4.485102
2091,580.5555556,0.6848746010271525,32.0,108.03506954634544,4.523367
2092,580.8333333,0.6876720399693329,32.0,108.1861079551436,4.561776
2093,581.1111111,0.6904740304187769,32.0,108.33586866393196,4.599252
2094,581.3888889,0.6936293004560244,22.74,108.48434441612513,4.636205
2095,581.6666667,0.6967888078239867,22.74,108.63152841120365,4.670657
2096,581.9444444,0.6999524485040198,22.74,108.77741430080638,4.704819
2097,582.2222222,0.7031200416170731,22.74,108.92199618446315,4.739188
2098,582.5,0.706291351851566,22.74,109.06526860394322,4.774047
2099,582.7777778,0.7094662931886592,22.74,109.20722653920475,4.80874
2100,583.0555556,0.7126450963546551,22.74,109.34786540132902,4.84385
2101,583.3333333,0.7158273845721781,22.74,109.48718102752582,4.879611
2102,583.6111111,0.7190128431462065,22.74,109.62516967424014,4.915326
2103,583.8888889,0.7222012279172559,22.74,109.76182801053476,4.952133
2104,584.1666667,0.7253926846553341,22.74,109.89715311120553,4.988922
2105,584.4444444,0.728587418317807,22.74,110.0311424491699,5.02503
2106,584.7222222,0.7317855456820603,22.74,110.16379388818513,5.062602
2107,585.0,0.7349867107798775,22.74,110.2951056745978,5.099071
2108,585.2777778,0.7381901357099477,22.74,110.42507642939482,5.136737
2109,585.5555556,0.7413963253727348,22.74,110.55370513982967,5.174245
2110,585.8333333,0.7446054615193978,22.74,110.68099115065196,5.211707
2111,586.1111111,0.7478176958195077,22.74,110.8069341557842,5.249582
2112,586.3888889,0.7510324654446792,22.74,110.93153418830644,5.287243
2113,586.6666667,0.754249351105209,22.74,111.0547916122103,5.325108
2114,586.9444444,0.7574671202020253,22.74,111.17670711273412,5.363645
2115,587.2222222,0.7606862780127834,22.74,111.2972816865518,5.401303
2116,587.5,0.7639072862605655,22.74,111.4165166325864,5.43959
2117,587.7777778,0.7671302147871981,22.74,111.53441354203484,5.477828
2118,588.0555556,0.770354933410275,22.74,111.6509742881367,5.515621
2119,588.3333333,0.7735812754794307,22.74,111.7662010167199,5.553792
2120,588.6111111,0.7768091349562897,22.74,111.88009613592534,5.592756
2121,588.8888889,0.7800384973591479,22.74,111.99266230617684,5.631227
2122,589.1666667,0.783269400232886,22.74,112.103902429447,5.669059
2123,589.4444444,0.786501791836128,22.74,112.21381963998932,5.707305
2124,589.7222222,0.7897354556465228,22.74,112.32241729316004,5.745917
2125,590.0,0.7929697078277756,22.74,112.42969895564534,5.784312
2126,590.2777778,0.7962049121669635,22.74,112.53566839510198,5.822122
2127,590.5555556,0.7994411852185964,22.74,112.6403295697329,5.860722
2128,590.8333333,0.8026783028127614,22.74,112.74368661791596,5.899327
2129,591.1111111,0.8059162163590272,22.74,112.84574384847704,5.937345
2130,591.3888889,0.8091548963901806,22.74,112.94650572988006,5.975697
2131,591.6666667,0.8123946820599993,22.74,113.04597688045394,6.014317
2132,591.9444444,0.8156351899028365,22.74,113.14416205821897,6.052349
2133,592.2222222,0.8188760356179601,22.74,113.24106615069012,6.090641
2134,592.5,0.8221191209364359,22.74,113.38451279368844,6.128533
2135,592.7777778,0.8253652082818024,22.74,113.54318004447852,6.167395
2136,593.0555556,0.8286145820681762,22.74,113.7009299490092,6.205541
2137,593.3333333,0.8318672028618408,22.74,113.85776710053304,6.243872
2138,593.6111111,0.8351229455051589,22.74,114.01369617678834,6.281995
2139,593.8888889,0.8383815871097576,22.74,114.16872193059253,6.320361
2140,594.1666667,0.8416431398421075,22.74,114.32284918067585,6.357898
2141,594.4444444,0.844907743252015,22.74,114.47608280338036,6.396132
2142,594.7222222,0.8481758712986974,22.74,114.62842772297596,6.434665
2143,595.0,0.8514467883947329,22.74,114.77988890373932,6.472568
2144,595.2777778,0.8547204075372008,22.74,114.93047134115388,6.510629
2145,595.5555556,0.8579975749068677,22.74,115.0801800531201,6.5489
2146,595.8333333,0.8612777863629794,22.74,115.22902007255747,6.586907
2147,596.1111111,0.8645610204609139,22.74,115.37699643831806,6.625092
2148,596.3888889,0.8678487169515277,22.74,115.5241141881773,6.663195
2149,596.6666667,0.8711397987091026,22.74,115.67037835014142,6.701064
2150,596.9444444,0.8744336997337359,22.74,115.81579393559258,6.738919
2151,597.2222222,0.8777313228375162,22.74,115.96036593155436,6.776882
2152,597.5,0.8810330264333743,22.74,116.10409929329391,6.814894
2153,597.7777778,0.884339010912067,22.74,116.24675915134443,6.852983
2154,598.0555556,0.8876482530040725,22.74,116.37498235798452,6.890889
2155,598.3333333,0.8909607499457433,22.74,116.50232519372544,6.928649
2156,598.6111111,0.8942764992031152,22.74,116.62879261004524,6.966266
2157,598.8888889,0.8975956015407187,22.74,116.75438949193575,7.004151
2158,599.1666667,0.9009179697320919,22.74,116.8791206519782,7.042336
2159,599.4444444,0.9039115814093777,32.0,117.00299082440674,7.082407
2160,599.7222222,0.9069088242793637,32.0,117.12600465970236,7.123548
2161,600.0,0.9099096912599615,32.0,117.2481667189851,7.165035
2162,600.2777778,0.9129141980330714,32.0,117.36948146872808,7.206474
2163,600.5555556,0.9159218682271097,32.0,117.489953276145,7.248013
2164,600.8333333,0.9189323837409965,32.0,117.60958640417172,7.289314
2165,601.1111111,0.9219459534175619,32.0,117.72838500696515,7.330489
2166,601.3888889,0.92496268821218,32.0,117.8463531258816,7.371689
2167,601.6666667,0.9279827964446153,32.0,117.96349468500526,7.41132
2168,601.9444444,0.9310059435164607,32.0,118.0798134875171,7.45235
2169,602.2222222,0.9340319456327352,32.0,118.19531321237072,7.49272
2170,602.5,0.9370605942232642,32.0,118.30999741014276,7.53236
2171,602.7777778,0.9400919203214505,32.0,118.4238695007724,7.572266
2172,603.0555556,0.9431260312907109,32.0,118.53693276997092,7.611544
2173,603.3333333,0.946162333807085,32.0,118.64919036688026,7.651248
2174,603.6111111,0.9492005256682874,32.0,118.76064530145956,7.690971
2175,603.8888889,0.9522406478041066,32.0,118.87130044216352,7.730105
2176,604.1666667,0.9552825344937445,32.0,118.98115851407564,7.769048
2177,604.4444444,0.9583258616192633,32.0,119.09022209693396,7.808021
2178,604.7222222,0.9613702595066002,32.0,119.1984936237917,7.846944
2179,605.0,0.9644156092527891,32.0,119.3059753793283,7.88623
2180,605.2777778,0.9674619557090852,32.0,119.41266949898804,7.924192
2181,605.5555556,0.9708382938133032,22.74,119.518577967893,7.959889
2182,605.8333333,0.974215352493786,22.74,119.62370262010214,7.994874
2183,606.1111111,0.9775913759690318,22.74,119.7280451381558,8.029391
2184,606.3888889,0.9809668167776004,22.74,119.83160705289696,8.063912
2185,606.6666667,0.9843419754620252,22.74,119.9343897430519,8.098265
2186,606.9444444,0.9877159372102652,22.74,120.03639443571522,8.133128
2187,607.2222222,0.9910895103840134,22.74,120.13762220632084,8.168043
2188,607.5,0.9944635181845026,22.74,120.23807397933297,8.203038
2189,607.7777778,0.9978404169938591,22.74,120.33775052891784,8.238235
2190,608.0555556,1.0,22.74,120.43665247976185,8.273566
2191,608.3333333,1.0,22.74,120.53478030814908,8.308412
2192,608.6111111,1.0,22.74,120.63213434332714,8.344299
2193,608.8888889,1.0,22.74,120.72871476869015,8.379917
2194,609.1666667,1.0,22.74,120.824521623579,8.415385
2195,609.4444444,1.0,22.74,120.91955480501623,8.450888
2196,609.7222222,1.0,22.74,121.01381406951398,8.486876
2197,610.0,1.0,22.74,121.10729903524016,8.522565
2198,610.2777778,1.0,22.74,121.2000091844152,8.558526
2199,610.5555556,1.0,22.74,121.29194386542925,8.594346
2200,610.8333333,1.0,22.74,121.38310229544166,8.630024
2201,611.1111111,1.0,22.74,121.473483563373,8.665975
2202,611.3888889,1.0,22.74,121.56308663234148,8.701986
2203,611.6666667,1.0,22.74,121.65191034275333,8.737939
2204,611.9444444,1.0,22.74,121.7399534154404,8.773635
2205,612.2222222,1.0,22.74,121.82721445485392,8.810026
2206,612.5,1.0,22.74,121.91369195220396,8.84553
2207,612.7777778,1.0,22.74,121.99938428916992,8.881019
2208,613.0555556,1.0,22.74,122.08428974122693,8.917229
2209,613.3333333,1.0,22.74,122.16840648132438,8.952792
2210,613.6111111,1.0,22.74,122.25173258382286,8.988607
2211,613.8888889,1.0,22.74,122.33426602782409,9.023968
2212,614.1666667,1.0,22.74,122.41600470165348,9.060014
2213,614.4444444,1.0,22.74,122.49694640646504,9.095599
2214,614.7222222,1.0,22.74,122.5770888604808,9.131117
2215,615.0,1.0,22.74,122.65642970291978,9.166454
2216,615.2777778,1.0,22.74,122.73496649860444,9.201942
2217,615.5555556,1.0,22.74,122.81269674172728,9.237074
2218,615.8333333,1.0,22.74,122.88961786039292,9.272864
2219,616.1111111,1.0,22.74,122.96572722101637,9.307672
2220,616.3888889,1.0,22.74,123.04102213267753,9.34349
2221,616.6666667,1.0,22.74,123.11549985135912,9.378313
2222,616.9444444,1.0,22.74,123.18915758479142,9.413912
2223,617.2222222,1.0,22.74,123.26199249652424,9.448972
2224,617.5,1.0,22.74,123.33400171079036,9.484023
2225,617.7777778,1.0,22.74,123.40518231677886,9.518849
2226,618.0555556,1.0,22.74,123.47553137333075,9.554276
2227,618.3333333,1.0,22.74,123.54504591321783,9.589037
2228,618.6111111,1.0,22.74,123.6137229482369,9.624321
2229,618.8888889,1.0,22.74,123.68155947297774,9.658681
2230,619.1666667,1.0,22.74,123.7485524700366,9.693926
2231,619.4444444,1.0,22.74,123.81469891410607,9.72853
2232,619.7222222,1.0,22.74,123.86211888326976,9.763137
2233,620.0,1.0,22.74,123.74418576370188,9.798322
2234,620.2777778,1.0,22.74,123.62431284889794,9.832028
2235,620.5555556,1.0,22.74,123.50249843630472,9.867112
2236,620.8333333,1.0,22.74,123.37874088750522,9.901213
2237,621.1111111,1.0,22.74,123.25303863312456,9.93563
2238,621.3888889,1.0,22.74,123.12539017635312,9.970164
2239,621.6666667,1.0,22.74,122.99579409768658,10.00462
2240,621.9444444,1.0,22.74,122.86424905953628,10.03905
2241,622.2222222,1.0,22.74,122.73075380928454,10.07296
2242,622.5,1.0,22.74,122.59530718388756,10.10779
2243,622.7777778,1.0,22.74,122.54161944686184,10.14154
2244,623.0555556,1.0,22.74,122.61367402541283,10.17598
2245,623.3333333,1.0,32.0,122.6849052858496,10.2114
2246,623.6111111,1.0,32.0,122.75531035242248,10.2479
2247,623.8888889,1.0,32.0,122.8248864041513,10.28672
2248,624.1666667,1.0,32.0,122.89363067847944,10.32356
2249,624.4444444,1.0,32.0,122.96154047460342,10.36219
2250,624.7222222,1.0,32.0,123.02861315690666,10.39989
2251,625.0,1.0,32.0,123.0948461582121,10.43764
2252,625.2777778,1.0,32.0,123.16023698308469,10.47483
2253,625.5555556,1.0,32.0,123.22478321058531,10.51207
2254,625.8333333,1.0,32.0,123.28848249762716,10.54898
2255,626.1111111,1.0,32.0,123.35133258161204,10.58584
2256,626.3888889,1.0,32.0,123.41333128329828,10.62228
2257,626.6666667,1.0,32.0,123.47447650943252,10.65863
2258,626.9444444,1.0,32.0,123.53476625526864,10.69485
2259,627.2222222,1.0,32.0,123.59419860701766,10.73092
2260,627.5,1.0,32.0,123.6527717442262,10.76639
2261,627.7777778,1.0,32.0,123.71048394195276,10.80227
2262,628.0555556,1.0,32.0,123.76733357273726,10.83771
2263,628.3333333,1.0,32.0,123.8233191087651,10.87374
2264,628.6111111,1.0,32.0,123.87843912355294,10.90864
2265,628.8888889,1.0,32.0,123.93269229374718,10.94403
2266,629.1666667,1.0,32.0,123.98607740065071,10.97923
2267,629.4444444,1.0,22.74,124.03859333179838,11.01186
2268,629.7222222,1.0,22.74,124.09023908210251,11.04378
2269,630.0,1.0,22.74,124.14101375535448,11.07463
2270,630.2777778,1.0,22.74,124.19091656509212,11.10456
2271,630.5555556,1.0,22.74,124.23994683552824,11.1355
2272,630.8333333,1.0,22.74,124.2881040025212,11.16634
2273,631.1111111,1.0,22.74,124.33538761427045,11.19693
2274,631.3888889,1.0,22.74,124.38179733174184,11.22729
2275,631.6666667,1.0,22.74,124.4273329291742,11.25856
2276,631.9444444,1.0,22.74,124.4719942944919,11.28892
2277,632.2222222,1.0,22.74,124.51578142926904,11.32009
2278,632.5,1.0,22.74,124.55869444898048,11.35144
2279,632.7777778,1.0,22.74,124.60073358279892,11.38297
2280,633.0555556,1.0,22.74,124.64189917335791,11.41379
2281,633.3333333,1.0,22.74,124.68219167658714,11.44473
2282,633.6111111,1.0,22.74,124.7216116610604,11.47649
2283,633.8888889,1.0,22.74,124.76015980745755,11.50763
2284,634.1666667,1.0,22.74,124.7978369078784,11.53831
2285,634.4444444,1.0,22.74,124.83464386501517,11.57017
2286,634.7222222,1.0,22.74,124.87058169112296,11.60152
2287,635.0,1.0,22.74,124.90565150698104,11.63255
2288,635.2777778,1.0,22.74,124.93985454071718,11.66366
2289,635.5555556,1.0,22.74,124.97319212643556,11.695
2290,635.8333333,1.0,22.74,125.0056657027167,11.72617
2291,636.1111111,1.0,22.74,125.03727681132918,11.75702
2292,636.3888889,1.0,22.74,125.06802709518468,11.78812
2293,636.6666667,1.0,22.74,125.09791829687738,11.81897
2294,636.9444444,1.0,22.74,125.12695225673852,11.84963
2295,637.2222222,1.0,22.74,125.15513091066288,11.88068
2296,637.5,1.0,22.74,125.1824562882684,11.91163
2297,637.7777778,1.0,22.74,125.20893051063356,11.94237
2298,638.0555556,1.0,22.74,125.2345557879222,11.97289
2299,638.3333333,1.0,22.74,125.25933441705374,12.00356
2300,638.6111111,1.0,22.74,125.28326877932535,12.03394
2301,638.8888889,1.0,22.74,125.30636133775717,12.06398
2302,639.1666667,1.0,22.74,125.3286146344094,12.09471
2303,639.4444444,1.0,22.74,125.3500312877673,12.12484
2304,639.7222222,1.0,22.74,125.37061398987076,12.15548
2305,640.0,1.0,22.74,125.3903655034212,12.18592
2306,640.2777778,1.0,22.74,125.40928865888807,12.21594
2307,640.5555556,1.0,22.74,125.4273863514113,12.24618
2308,640.8333333,1.0,22.74,125.44466153770976,12.27627
2309,641.1111111,1.0,22.74,125.4611172330535,12.30604
2310,641.3888889,1.0,22.74,125.47675650787352,12.3358
2311,641.6666667,1.0,22.74,125.49158248461748,12.36566
2312,641.9444444,1.0,22.74,125.50559833442784,12.39512
2313,642.2222222,1.0,22.74,125.51880727373346,12.42462
2314,642.5,1.0,22.74,125.5312125608007,12.45378
2315,642.7777778,1.0,22.74,125.54281749246228,12.48357
2316,643.0555556,1.0,22.74,125.5536254004532,12.51258
2317,643.3333333,1.0,22.74,125.56363964796064,12.5422
2318,643.6111111,1.0,22.74,125.57286362613068,12.5716
2319,643.8888889,1.0,22.74,125.58130075046692,12.60072
2320,644.1666667,1.0,22.74,125.58895445718076,12.62998
2321,644.4444444,1.0,22.74,125.595828199796,12.65889
2322,644.7222222,1.0,22.74,125.60192544528248,12.68797
2323,645.0,1.0,22.74,125.60724967062816,12.7169
2324,645.2777778,1.0,22.74,125.61180435919314,12.74566
2325,645.5555556,1.0,22.74,125.61559299703735,12.77493
2326,645.8333333,1.0,22.74,125.61861906933711,12.80331
2327,646.1111111,1.0,22.74,125.62088605683437,12.83192
2328,646.3888889,1.0,22.74,125.62239743221718,12.85993
2329,646.6666667,1.0,22.74,125.62315665651128,12.88874
2330,646.9444444,1.0,22.74,125.6231671756405,12.9168
2331,647.2222222,1.0,22.74,125.62243241687916,12.94617
2332,647.5,1.0,32.0,125.62095578525232,12.97679
2333,647.7777778,1.0,32.0,125.6187406603367,13.00877
2334,648.0555556,1.0,32.0,125.61579039260964,13.04115
2335,648.3333333,1.0,32.0,125.61210830020396,13.0723
2336,648.6111111,1.0,32.0,125.6076976656355,13.10438
2337,648.8888889,1.0,32.0,125.60256173246307,13.13631
2338,649.1666667,1.0,32.0,125.59670370207851,13.16738
2339,649.4444444,1.0,32.0,125.59012673063334,13.19852
2340,649.7222222,1.0,32.0,125.58283392593816,13.22922
2341,650.0,1.0,32.0,125.57482834437693,13.26002
2342,650.2777778,1.0,32.0,125.5661129880864,13.29042
2343,650.5555556,1.0,32.0,125.55669080199468,13.32023
2344,650.8333333,1.0,32.0,125.54656467102843,13.35016
2345,651.1111111,1.0,32.0,125.5357374175684,13.38012
2346,651.3888889,1.0,32.0,125.52421179862527,13.4094
2347,651.6666667,1.0,32.0,125.51199050342063,13.43889
2348,651.9444444,1.0,32.0,125.49907615098374,13.46805
2349,652.2222222,1.0,32.0,125.48547128773129,13.49702
2350,652.5,1.0,32.0,125.47117838526704,13.52629
2351,652.7777778,1.0,32.0,125.45619983835296,13.55543
2352,653.0555556,1.0,32.0,125.44053796266074,13.58417
2353,653.3333333,1.0,22.74,125.4241949930368,13.61124
2354,653.6111111,1.0,22.74,125.40717308168502,13.63705
2355,653.8888889,1.0,22.74,125.38947429638398,13.66227
2356,654.1666667,1.0,22.74,125.37110061894364,13.68666
2357,654.4444444,1.0,22.74,125.352053943858,13.71094
2358,654.7222222,1.0,22.74,125.33233607684556,13.73515
2359,655.0,1.0,22.74,125.31194873365077,13.75945
2360,655.2777778,1.0,22.74,125.2908935390807,13.78439
2361,655.5555556,1.0,22.74,125.26917202596292,13.80913
2362,655.8333333,1.0,22.74,125.246785634285,13.83373
