,Time,SOC,Power_hardware,Power_sol_pan
650,180.2777778,0.9955760048026525,20.18,0.0
651,180.5555556,0.9948747308755966,20.18,0.0
652,180.8333333,0.9941727836056727,20.18,0.0
653,181.1111111,0.9934704665519554,20.18,0.0
654,181.3888889,0.992767779091859,20.18,0.0
655,181.6666667,0.9920647208540807,20.18,0.0
656,181.9444444,0.9913612907063228,20.18,0.0
657,182.2222222,0.9906574882734901,20.18,0.0
658,182.5,0.989953312925678,20.18,0.0
659,182.7777778,0.9892487694048722,20.18,0.0
660,183.0555556,0.9890603955827832,5.4,0.0
661,183.3333333,0.9888720010676125,5.4,0.0
662,183.6111111,0.9886835859205781,5.4,0.0
663,183.8888889,0.9884951501350875,5.4,0.0
664,184.1666667,0.9883066937723889,5.4,0.0
665,184.4444444,0.9881182166902016,5.4,0.0
666,184.7222222,0.9879297189497592,5.4,0.0
667,185.0,0.9877412005444549,5.4,0.0
668,185.2777778,0.9875526614676784,5.4,0.0
669,185.5555556,0.9873641017806971,5.4,0.0
670,185.8333333,0.9871755213411382,5.4,0.0
671,186.1111111,0.9864697975643936,20.18,0.0
672,186.3888889,0.9857637792958872,20.18,0.0
673,186.6666667,0.9850574664107415,20.18,0.0
674,186.9444444,0.984350858020534,20.18,0.0
675,187.2222222,0.9836440068190461,20.18,0.0
676,187.5,0.9829369172367621,20.18,0.0
677,187.7777778,0.9822295890332903,20.18,0.0
678,188.0555556,0.9815220222225559,20.18,0.0
679,188.3333333,0.9808142160539896,20.18,0.0
680,188.6111111,0.9801061705406127,20.18,0.0
681,188.8888889,0.9793978854403984,20.18,0.0
682,189.1666667,0.9792085606514077,5.4,0.0
683,189.4444444,0.9790192210834516,5.4,0.0
684,189.7222222,0.9788298668014238,5.4,0.0
685,190.0,0.9786404978020652,5.4,0.0
686,190.2777778,0.9784511140821149,5.4,0.0
687,190.5555556,0.9782617157064947,5.4,0.0
688,190.8333333,0.97807230253558,5.4,0.0
689,191.1111111,0.977882874634285,5.4,0.0
690,191.3888889,0.9776934319993444,5.4,0.0
691,191.6666667,0.9775039746956958,5.4,0.0
692,191.9444444,0.9773145025836678,5.4,0.0
693,192.2222222,0.9766053975673838,20.18,0.0
694,192.5,0.9758960915347544,20.18,0.0
695,192.7777778,0.9751865843155115,20.18,0.0
696,193.0555556,0.9744768759946397,20.18,0.0
697,193.3333333,0.9737669974787088,20.18,0.0
698,193.6111111,0.9730569601793225,20.18,0.0
699,193.8888889,0.9723467639945849,20.18,0.0
700,194.1666667,0.9716364090782196,20.18,0.0
701,194.4444444,0.9709258948167168,20.18,0.0
702,194.7222222,0.9702152213635273,20.18,0.0
703,195.0,0.969504388616324,20.18,0.0
704,195.2777778,0.9693143940834081,5.4,0.0
705,195.5555556,0.969124388619305,5.4,0.0
706,195.8333333,0.9689343720854349,5.4,0.0
707,196.1111111,0.9687443445484152,5.4,0.0
708,196.3888889,0.9685543060064651,5.4,0.0
709,196.6666667,0.9683642565262208,5.4,0.0
710,196.9444444,0.968174195969069,5.4,0.0
711,197.2222222,0.967984124401641,5.4,0.0
712,197.5,0.9677940418221539,5.4,0.0
713,197.7777778,0.9676039482288241,5.4,0.0
714,198.0555556,0.9668925493582837,20.18,0.0
715,198.3333333,0.9661810026921154,20.18,0.0
716,198.6111111,0.9654693083957343,20.18,0.0
717,198.8888889,0.9647574663784116,20.18,0.0
718,199.1666667,0.9640454852208333,20.18,0.0
719,199.4444444,0.9633333806232655,20.18,0.0
720,199.7222222,0.962621152780601,20.18,0.0
721,200.0,0.9619088016314131,20.18,0.0
722,200.2777778,0.9611963271142244,20.18,0.0
723,200.5555556,0.9604837294240416,20.18,0.0
724,200.8333333,0.9597710079862599,20.18,0.0
725,201.1111111,0.95958051580746,5.4,0.0
726,201.3888889,0.9593900154527091,5.4,0.0
727,201.6666667,0.9591995069896455,5.4,0.0
728,201.9444444,0.9590089902801608,5.4,0.0
729,202.2222222,0.95881846539189,5.4,0.0
730,202.5,0.9586279323238875,5.4,0.0
731,202.7777778,0.9584373910752076,5.4,0.0
732,203.0555556,0.958246841713502,5.4,0.0
733,203.3333333,0.9580562841006324,5.4,0.0
734,203.6111111,0.957865718304247,5.4,0.0
735,203.8888889,0.9576751443233997,5.4,0.0
736,204.1666667,0.9569619829119058,20.18,0.0
737,204.4444444,0.9562487191889633,20.18,0.0
738,204.7222222,0.9555353533704589,20.18,0.0
739,205.0,0.9548218854155517,20.18,0.0
740,205.2777778,0.954108318375682,20.18,0.0
741,205.5555556,0.953394661767199,20.18,0.0
742,205.8333333,0.9526809150446303,20.18,0.0
743,206.1111111,0.951967078433169,20.18,0.0
744,206.3888889,0.9512531519011066,20.18,0.0
745,206.6666667,0.9505391356737617,20.18,0.0
746,206.9444444,0.9498250292053296,20.18,0.0
747,207.2222222,0.949634160221956,5.4,0.0
748,207.5,0.9494432847343447,5.4,0.0
749,207.7777778,0.9492524027419124,5.4,0.0
750,208.0555556,0.9490615143127951,5.4,0.0
751,208.3333333,0.9488706193089717,5.4,0.0
752,208.6111111,0.9486797177985757,5.4,0.0
753,208.8888889,0.9484888097810233,5.4,0.0
754,209.1666667,0.9482978953244596,5.4,0.0
755,209.4444444,0.9481069742908443,5.4,0.0
756,209.7222222,0.9479160467483203,5.4,0.0
757,210.0,0.947725112696303,5.4,0.0
758,210.2777778,0.9470106571514689,20.18,0.0
759,210.5555556,0.9462961210513231,20.18,0.0
760,210.8333333,0.9455815038556852,20.18,0.0
761,211.1111111,0.9448668057960019,20.18,0.0
762,211.3888889,0.9441520285915587,20.18,0.0
763,211.6666667,0.9434371800962217,20.18,0.0
764,211.9444444,0.9427222597756267,20.18,0.0
765,212.2222222,0.9420072678673853,20.18,0.0
766,212.5,0.9412922043517807,20.18,0.0
767,212.7777778,0.9405770692090872,20.18,0.0
768,213.0555556,0.9403859200878443,5.4,0.0
769,213.3333333,0.9401947649548192,5.4,0.0
770,213.6111111,0.9400036038783453,5.4,0.0
771,213.8888889,0.9398124368579432,5.4,0.0
772,214.1666667,0.9396212644212139,5.4,0.0
773,214.4444444,0.9394300864389326,5.4,0.0
774,214.7222222,0.9392389029795137,5.4,0.0
775,215.0,0.9390477140425516,5.4,0.0
776,215.2777778,0.9388565196276402,5.4,0.0
777,215.5555556,0.9386653198032057,5.4,0.0
778,215.8333333,0.9384741144311801,5.4,0.0
779,216.1111111,0.9377586794957952,20.18,0.0
780,216.3888889,0.9370431759125626,20.18,0.0
781,216.6666667,0.9363276039201676,20.18,0.0
782,216.9444444,0.935611962984494,20.18,0.0
783,217.2222222,0.9348962533441848,20.18,0.0
784,217.5,0.9341804754361064,20.18,0.0
785,217.7777778,0.9334646319311347,20.18,0.0
786,218.0555556,0.9327487230700428,20.18,0.0
787,218.3333333,0.9320327483204383,20.18,0.0
788,218.6111111,0.931316707923056,20.18,0.0
789,218.8888889,0.93060060186092,20.18,0.0
790,219.1666667,0.930409192477337,5.4,0.0
791,219.4444444,0.9302177776718354,5.4,0.0
792,219.7222222,0.9300263575129366,5.4,0.0
793,220.0,0.929834932000256,5.4,0.0
794,220.2777778,0.9296435017124622,5.4,0.0
795,220.5555556,0.9294520668106391,5.4,0.0
796,220.8333333,0.929260627156668,5.4,0.0
797,221.1111111,0.9290691828191763,5.4,0.0
798,221.3888889,0.9288777337978764,5.4,0.0
799,221.6666667,0.9286862801614043,5.4,0.0
800,221.9444444,0.9284948217716278,5.4,0.0
801,222.2222222,0.9277784526167974,20.18,0.0
802,222.5,0.9270620271311487,20.18,0.0
803,222.7777778,0.9263455453023186,20.18,0.0
804,223.0555556,0.9256290073758928,20.18,0.0
805,223.3333333,0.9249124128236118,20.18,0.0
806,223.6111111,0.9241957615034588,20.18,0.0
807,223.8888889,0.9234790506185768,20.18,0.0
808,224.1666667,0.9227622804126275,20.18,0.0
809,224.4444444,0.9220454503551757,20.18,0.0
810,224.7222222,0.9213285606898499,20.18,0.0
811,225.0,0.9206116114022568,20.18,0.0
812,225.2777778,0.9204199779219561,5.4,0.0
813,225.5555556,0.9202283397548018,5.4,0.0
814,225.8333333,0.920036696762517,5.4,0.0
815,226.1111111,0.9198450490137903,5.4,0.0
816,226.3888889,0.9196533969200072,5.4,0.0
817,226.6666667,0.9194617406474247,5.4,0.0
818,226.9444444,0.9192700800578201,5.4,0.0
819,227.2222222,0.9190784152199564,5.4,0.0
820,227.5,0.9188867461336018,5.4,0.0
821,227.7777778,0.9186950727985245,5.4,0.0
822,228.0555556,0.9174418498395761,35.22,0.0
823,228.3333333,0.9161884804698477,35.22,0.0
824,228.6111111,0.9149349650931586,35.22,0.0
825,228.8888889,0.9136813038535473,35.22,0.0
826,229.1666667,0.9124275006541837,35.22,0.0
827,229.4444444,0.9111735545493416,35.22,0.0
828,229.7222222,0.9099194659472798,35.22,0.0
829,230.0,0.9086680904121176,35.14,0.0
830,230.2777778,0.9079502268694739,20.18,0.0
831,230.5555556,0.9072323100508245,20.18,0.0
832,230.8333333,0.9065143394277395,20.18,0.0
833,231.1111111,0.9063224301577818,5.4,0.0
834,231.3888889,0.9061305165650848,5.4,0.0
835,231.6666667,0.905938598718496,5.4,0.0
836,231.9444444,0.9057466764795935,5.4,0.0
837,232.2222222,0.9055547499172235,5.4,0.0
838,232.5,0.9053628190311432,5.4,0.0
839,232.7777778,0.90517088382111,5.4,0.0
840,233.0555556,0.9049789443559791,5.4,0.0
841,233.3333333,0.9047870004725673,5.4,0.0
842,233.6111111,0.9045950520388802,5.4,0.0
843,233.8888889,0.9044030990546471,5.4,0.0
844,234.1666667,0.9036848909240096,20.18,0.0
845,234.4444444,0.9029666257660248,20.18,0.0
846,234.7222222,0.9022483038262191,20.18,0.0
847,235.0,0.9015299250915795,20.18,0.0
848,235.2777778,0.9008114895490876,20.18,0.0
849,235.5555556,0.9000929974443773,20.18,0.0
850,235.8333333,0.8993744482471264,20.18,0.0
851,236.1111111,0.8986558422162492,20.18,0.0
852,236.3888889,0.897937179340918,20.18,0.0
853,236.6666667,0.8972184598670766,20.18,0.0
854,236.9444444,0.896499683264467,20.18,0.0
855,237.2222222,0.8963075607712927,5.4,0.0
856,237.5,0.8961154336339013,5.4,0.0
857,237.7777778,0.8959233018520105,5.4,0.0
858,238.0555556,0.8957311654945072,5.4,0.0
859,238.3333333,0.8955390244227724,5.4,0.0
860,238.6111111,0.8953468787056916,5.4,0.0
861,238.8888889,0.8951547283429822,5.4,0.0
862,239.1666667,0.8949625734035375,5.4,0.0
863,239.4444444,0.894770413632626,5.4,0.0
864,239.7222222,0.8945782486191111,5.4,0.0
865,240.0,0.8943860783626243,5.4,0.0
866,240.2777778,0.8936670453462627,20.18,0.0
867,240.5555556,0.8929479461143277,20.18,0.0
868,240.8333333,0.8922287801311841,20.18,0.0
869,241.1111111,0.8915095476377682,20.18,0.0
870,241.3888889,0.8907902486161565,20.18,0.0
871,241.6666667,0.8900708833073887,20.18,0.0
872,241.9444444,0.8893514511756051,20.18,0.0
873,242.2222222,0.888631946731756,20.18,0.0
874,242.5,0.8879123693281513,20.18,0.0
875,242.7777778,0.8871927189431755,20.18,0.0
876,243.0555556,0.8870003623608951,5.4,0.0
877,243.3333333,0.8868079999983884,5.4,0.0
878,243.6111111,0.8866156319244597,5.4,0.0
879,243.8888889,0.8864232581386663,5.4,0.0
880,244.1666667,0.8862308787098223,5.4,0.0
881,244.4444444,0.886038493498974,5.4,0.0
882,244.7222222,0.8858461025749333,5.4,0.0
883,245.0,0.8856537059372576,5.4,0.0
884,245.2777778,0.8854613035855038,5.4,0.0
885,245.5555556,0.8852688955884964,5.4,0.0
886,245.8333333,0.8850764818072607,5.4,0.0
887,246.1111111,0.8843565195538482,20.18,0.0
888,246.3888889,0.8836364813617082,20.18,0.0
889,246.6666667,0.8829163671283272,20.18,0.0
890,246.9444444,0.8821961763115996,20.18,0.0
891,247.2222222,0.8814759091470761,20.18,0.0
892,247.5,0.8807555656110813,20.18,0.0
893,247.7777778,0.8800351456799274,20.18,0.0
894,248.0555556,0.8793146495892925,20.18,0.0
895,248.3333333,0.878594064611576,20.18,0.0
896,248.6111111,0.8778733903478728,20.18,0.0
897,248.8888889,0.8771526267645356,20.18,0.0
898,249.1666667,0.8769599768047577,5.4,0.0
899,249.4444444,0.8767673201518198,5.4,0.0
900,249.7222222,0.8765746568744621,5.4,0.0
901,250.0,0.8763819869720734,5.4,0.0
902,250.2777778,0.8761893104440415,5.4,0.0
903,250.5555556,0.8759966273591208,5.4,0.0
904,250.8333333,0.8758039375779698,5.4,0.0
905,251.1111111,0.8756112411693404,5.4,0.0
906,251.3888889,0.8754185381326203,5.4,0.0
907,251.6666667,0.8752258285365728,5.4,0.0
908,251.9444444,0.875033112241837,5.4,0.0
909,252.2222222,0.8743119722704223,20.18,0.0
910,252.5,0.8735907367336827,20.18,0.0
911,252.7777778,0.8728694053015421,20.18,0.0
912,253.0555556,0.8721479781958009,20.18,0.0
913,253.3333333,0.871426454859128,20.18,0.0
914,253.6111111,0.8707048355132383,20.18,0.0
915,253.8888889,0.8699831201201427,20.18,0.0
916,254.1666667,0.8692613086775524,20.18,0.0
917,254.4444444,0.8685393912658379,20.18,0.0
918,254.7222222,0.8678173681001278,20.18,0.0
919,255.0,0.8670952391357045,20.18,0.0
920,255.2777778,0.8669022271728429,5.4,0.0
921,255.5555556,0.8667092070547274,5.4,0.0
922,255.8333333,0.8665161786414367,5.4,0.0
923,256.1111111,0.8663231420015051,5.4,0.0
924,256.3888889,0.8661300971339821,5.4,0.0
925,256.6666667,0.8659370441074166,5.4,0.0
926,256.9444444,0.8657439827818622,5.4,0.0
927,257.2222222,0.8655509132258643,5.4,0.0
928,257.5,0.8653578354384723,5.4,0.0
929,257.7777778,0.8651647494187347,5.4,0.0
930,258.0555556,0.8644422097782036,20.18,0.0
931,258.3333333,0.8637195538466982,20.18,0.0
932,258.6111111,0.8629967788671397,20.18,0.0
933,258.8888889,0.8622738847789997,20.18,0.0
934,259.1666667,0.8615508717819816,20.18,0.0
935,259.4444444,0.8608277392949246,20.18,0.0
936,259.7222222,0.8601044875173824,20.18,0.0
937,260.0,0.8593811163886141,20.18,0.0
938,260.2777778,0.8586576231689915,20.18,0.0
939,260.5555556,0.8579340076059572,20.18,0.0
940,260.8333333,0.8572102691177209,20.18,0.0
941,261.1111111,0.8570168354176376,5.4,0.0
942,261.3888889,0.8568233923734029,5.4,0.0
943,261.6666667,0.8566299400534187,5.4,0.0
944,261.9444444,0.8564364783171613,5.4,0.0
945,262.2222222,0.8562430072330283,5.4,0.0
946,262.5,0.8560495267997779,5.4,0.0
947,262.7777778,0.8558560370161676,5.4,0.0
948,263.0555556,0.8556625379506149,5.4,0.0
949,263.3333333,0.8554690294625608,5.4,0.0
950,263.6111111,0.8552755116204186,5.4,0.0
951,263.8888889,0.8550819844229449,5.4,0.0
952,264.1666667,0.8543577380887625,20.18,0.0
953,264.4444444,0.853633362733719,20.18,0.0
954,264.7222222,0.8529088578107817,20.18,0.0
955,265.0,0.8521842232502806,20.18,0.0
956,265.2777778,0.8514594589824819,20.18,0.0
957,265.5555556,0.8507345651985496,20.18,0.0
958,265.8333333,0.8500095413067454,20.18,0.0
959,266.1111111,0.8492843874980595,20.18,0.0
960,266.3888889,0.8485591037658233,20.18,0.0
961,266.6666667,0.8478336903043462,20.18,0.0
962,266.9444444,0.8471081465236502,20.18,0.0
963,267.2222222,0.846914234460934,5.4,0.0
964,267.5,0.8461805965955994,20.4,0.0
965,267.7777778,0.8454468257062261,20.4,0.0
966,268.0555556,0.8447129219868904,20.4,0.0
967,268.3333333,0.8439788821766879,20.4,0.0
968,268.6111111,0.8432447023187029,20.4,0.0
969,268.8888889,0.8425103823325657,20.4,0.0
970,269.1666667,0.8417759224022343,20.4,0.0
971,269.4444444,0.8410413219184221,20.4,0.0
972,269.7222222,0.8403065810648791,20.4,0.0
973,270.0,0.8395716997609223,20.4,0.0
974,270.2777778,0.838302310924451,35.18,0.0
975,270.5555556,0.8370324827983031,35.18,0.0
976,270.8333333,0.8357622140104438,35.18,0.0
977,271.1111111,0.8344915045591326,35.18,0.0
978,271.3888889,0.83322034997294,35.18,0.0
979,271.6666667,0.8319487442208454,35.18,0.0
980,271.9444444,0.8306766859051294,35.18,0.0
981,272.2222222,0.8299478321581891,20.18,0.0
982,272.5,0.8292188299769869,20.18,0.0
983,272.7777778,0.8284896792640636,20.18,0.0
984,273.0555556,0.8282948114906681,5.4,0.0
985,273.3333333,0.8280999326285803,5.4,0.0
986,273.6111111,0.8279050427462068,5.4,0.0
987,273.8888889,0.827710141841805,5.4,0.0
988,274.1666667,0.8275152299838007,5.4,0.0
989,274.4444444,0.8273203070301175,5.4,0.0
990,274.7222222,0.827125373049176,5.4,0.0
991,275.0,0.8269304280392319,5.4,0.0
992,275.2777778,0.8267354719985406,5.4,0.0
993,275.5555556,0.8265405049955447,5.4,0.0
994,275.8333333,0.8263455268881266,5.4,0.0
995,276.1111111,0.8256157657274398,20.18,0.0
996,276.3888889,0.8248858555781239,20.18,0.0
997,276.6666667,0.8241557966136562,20.18,0.0
998,276.9444444,0.8234255882253652,20.18,0.0
999,277.2222222,0.8226952305850577,20.18,0.0
1000,277.5,0.8219647236016805,20.18,0.0
1001,277.7777778,0.8212340671840864,20.18,0.0
1002,278.0555556,0.8205032615041239,20.18,0.0
1003,278.3333333,0.8197723059443311,20.18,0.0
1004,278.6111111,0.8190412006872493,20.18,0.0
1005,278.8888889,0.8183099456664428,20.18,0.0
1006,279.1666667,0.8181145237798996,5.4,0.0
1007,279.4444444,0.817919090541141,5.4,0.0
1008,279.7222222,0.8177236460186978,5.4,0.0
1009,280.0,0.817528190210753,5.4,0.0
1010,280.2777778,0.8173327231154883,5.4,0.0
1011,280.5555556,0.8171372448014579,5.4,0.0
1012,280.8333333,0.8169417551261022,5.4,0.0
1013,281.1111111,0.8167462541579705,5.4,0.0
1014,281.3888889,0.8165507418952426,5.4,0.0
1015,281.6666667,0.8163552184064868,5.4,0.0
1016,281.9444444,0.8161596835491095,5.4,0.0
1017,282.2222222,0.8154278131742381,20.18,0.0
1018,282.5,0.8146957925792115,20.18,0.0
1019,282.7777778,0.8139636216787599,20.18,0.0
1020,283.0555556,0.813231300653847,20.18,0.0
1021,283.3333333,0.8124988288871016,20.18,0.0
1022,283.6111111,0.8117662065518618,20.18,0.0
1023,283.8888889,0.8110334335577932,20.18,0.0
1024,284.1666667,0.8103005100783242,20.18,0.0
1025,284.4444444,0.8095674354952891,20.18,0.0
1026,284.7222222,0.8088342059882585,20.18,0.0
1027,285.0,0.808638253916379,5.4,0.0
1028,285.2777778,0.8084422901722091,5.4,0.0
1029,285.5555556,0.8082463148243487,5.4,0.0
1030,285.8333333,0.8080503277297482,5.4,0.0
1031,286.1111111,0.807854328957002,5.4,0.0
1032,286.3888889,0.8076583185041576,5.4,0.0
1033,286.6666667,0.8074622964398294,5.4,0.0
1034,286.9444444,0.807266262620932,5.4,0.0
1035,287.2222222,0.8070702171160746,5.4,0.0
1036,287.5,0.8068741599233024,5.4,0.0
1037,287.7777778,0.8061323111486347,20.4,0.0
1038,288.0555556,0.8048507459510765,35.18,0.0
1039,288.3333333,0.8035686964043028,35.18,0.0
1040,288.6111111,0.8022861876779157,35.18,0.0
1041,288.8888889,0.8010032192839437,35.18,0.0
1042,289.1666667,0.7997197911955837,35.18,0.0
1043,289.4444444,0.7984359019992276,35.18,0.0
1044,289.7222222,0.79715155166617,35.18,0.0
1045,290.0,0.79586673970496,35.18,0.0
1046,290.2777778,0.794581465623271,35.18,0.0
1047,290.5555556,0.7932957247096125,35.18,0.0
1048,290.8333333,0.7920095058249126,35.18,0.0
1049,291.1111111,0.7912645381861539,20.4,0.0
1050,291.3888889,0.7905194103964626,20.4,0.0
1051,291.6666667,0.7897741226220467,20.4,0.0
1052,291.9444444,0.7890286774329306,20.4,0.0
1053,292.2222222,0.7882830823837225,20.4,0.0
1054,292.5,0.7880859878018592,5.4,0.0
1055,292.7777778,0.7878888819711855,5.4,0.0
1056,293.0555556,0.787691764960881,5.4,0.0
1057,293.3333333,0.7874946366272426,5.4,0.0
1058,293.6111111,0.7872974970394452,5.4,0.0
1059,293.8888889,0.7871003461957048,5.4,0.0
1060,294.1666667,0.7863624117803231,20.18,0.0
1061,294.4444444,0.7856243300817644,20.18,0.0
1062,294.7222222,0.7848861012809131,20.18,0.0
1063,295.0,0.7841477252853801,20.18,0.0
1064,295.2777778,0.7834092019674689,20.18,0.0
1065,295.5555556,0.7826705315060324,20.18,0.0
1066,295.8333333,0.781931713282126,20.18,0.0
1067,296.1111111,0.7811927474743764,20.18,0.0
1068,296.3888889,0.7804536339954551,20.18,0.0
1069,296.6666667,0.779714373024081,20.18,0.0
1070,296.9444444,0.7789749639423285,20.18,0.0
1071,297.2222222,0.7787773698811474,5.4,0.0
1072,297.5,0.7785797647610819,5.4,0.0
1073,297.7777778,0.7783821485804062,5.4,0.0
1074,298.0555556,0.7781845214085394,5.4,0.0
1075,298.3333333,0.7779868831014672,5.4,0.0
1076,298.6111111,0.777789233728604,5.4,0.0
1077,298.8888889,0.7775915732882217,5.4,0.0
1078,299.1666667,0.7773939018497541,5.4,0.0
1079,299.4444444,0.7771962192691529,5.4,0.0
1080,299.7222222,0.7769985256158466,5.4,0.0
1081,300.0,0.7757050055541713,35.22,0.0
1082,300.2777778,0.77441103167006,35.22,0.0
1083,300.5555556,0.7731166154581531,35.22,0.0
1084,300.8333333,0.7718217693240216,35.22,0.0
1085,301.1111111,0.7705264933111476,35.22,0.0
1086,301.3888889,0.7692307869964824,35.22,0.0
1087,301.6666667,0.7679346567376888,35.22,0.0
1088,301.9444444,0.7666381055161037,35.22,0.0
1089,302.2222222,0.7658961621667913,20.18,0.0
1090,302.5,0.7651540798625779,20.18,0.0
1091,302.7777778,0.7644118585270865,20.18,0.0
1092,303.0555556,0.7642135180402393,5.4,0.0
1093,303.3333333,0.7640151668018439,5.4,0.0
1094,303.6111111,0.7638168048817,5.4,0.0
1095,303.8888889,0.7636184322782079,5.4,0.0
1096,304.1666667,0.7634200490611858,5.4,0.0
1097,304.4444444,0.7632216550862013,5.4,0.0
1098,304.7222222,0.7630232504230678,5.4,0.0
1099,305.0,0.7628248350701843,5.4,0.0
1100,305.2777778,0.7626264090259492,5.4,0.0
1101,305.5555556,0.7624279723601979,5.4,0.0
1102,305.8333333,0.7622295249284572,5.4,0.0
1103,306.1111111,0.7614867172125486,20.18,0.0
1104,306.3888889,0.7607437665575872,20.18,0.0
1105,306.6666667,0.7600006731496437,20.18,0.0
1106,306.9444444,0.75925743637222,20.18,0.0
1107,307.2222222,0.7585140634284293,20.18,0.0
1108,307.5,0.7577705542514586,20.18,0.0
1109,307.7777778,0.7570269087680711,20.18,0.0
1110,308.0555556,0.7562831271727256,20.18,0.0
1111,308.3333333,0.7549841640959564,35.18,0.0
1112,308.6111111,0.7536847888515411,35.18,0.0
1113,308.8888889,0.7523850638050793,35.18,0.0
1114,309.1666667,0.7516323518365976,20.4,0.0
1115,309.4444444,0.7508795143165405,20.4,0.0
1116,309.7222222,0.7501265514578161,20.4,0.0
1117,310.0,0.749373463202359,20.4,0.0
1118,310.2777778,0.7486202463330788,20.4,0.0
1119,310.5555556,0.747866900418714,20.4,0.0
1120,310.8333333,0.747113424851877,20.4,0.0
1121,311.1111111,0.746359819838647,20.4,0.0
1122,311.3888889,0.745606085313889,20.4,0.0
1123,311.6666667,0.7448522214838055,20.4,0.0
1124,311.9444444,0.7440982248788647,20.4,0.0
1125,312.2222222,0.7427957042456017,35.18,0.0
1126,312.5,0.7414927399153085,35.18,0.0
1127,312.7777778,0.74074625994936,20.18,0.0
1128,313.0555556,0.739999638722987,20.18,0.0
1129,313.3333333,0.739252875624117,20.18,0.0
1130,313.6111111,0.7385059850880576,20.18,0.0
1131,313.8888889,0.7377589670499227,20.18,0.0
1132,314.1666667,0.737011821713743,20.18,0.0
1133,314.4444444,0.7362645484766218,20.18,0.0
1134,314.7222222,0.7355171475424312,20.18,0.0
1135,315.0,0.7353174329715776,5.4,0.0
1136,315.2777778,0.7351177088727507,5.4,0.0
1137,315.5555556,0.7349179753166003,5.4,0.0
1138,315.8333333,0.7347182325263946,5.4,0.0
1139,316.1111111,0.7345184811015204,5.4,0.0
1140,316.3888889,0.7343187210409675,5.4,0.0
1141,316.6666667,0.7341189524156422,5.4,0.0
1142,316.9444444,0.7339191750807031,5.4,0.0
1143,317.2222222,0.7337193891070534,5.4,0.0
1144,317.5,0.7335195944936814,5.4,0.0
1145,317.7777778,0.7333197912395762,5.4,0.0
1146,318.0555556,0.732571902115252,20.18,0.0
1147,318.3333333,0.7318239026256843,20.18,0.0
1148,318.6111111,0.7310757929938377,20.18,0.0
1149,318.8888889,0.7303275731734435,20.18,0.0
1150,319.1666667,0.7295792433876002,20.18,0.0
1151,319.4444444,0.7288307949680973,20.18,0.0
1152,319.7222222,0.7280822218323554,20.18,0.0
1153,320.0,0.7273335239177836,20.18,0.0
1154,320.2777778,0.7265847011617379,20.18,0.0
1155,320.5555556,0.7258357537711412,20.18,0.0
1156,320.8333333,0.7250866811440448,20.18,0.0
1157,321.1111111,0.724886524104838,5.4,0.0
1158,321.3888889,0.7246863579197472,5.4,0.0
1159,321.6666667,0.7244861827298301,5.4,0.0
1160,321.9444444,0.724285998389833,5.4,0.0
1161,322.2222222,0.7240858049706843,5.4,0.0
1162,322.5,0.7238856024712528,5.4,0.0
1163,322.7777778,0.7236853908904068,5.4,0.0
1164,323.0555556,0.7234851702990938,5.4,0.0
1165,323.3333333,0.7232849405520263,5.4,0.0
1166,323.6111111,0.7230847017201479,5.4,0.0
1167,323.8888889,0.7228844538023261,5.4,0.0
1168,324.1666667,0.7221348737004748,20.18,0.0
1169,324.4444444,0.7213851716680405,20.18,0.0
1170,324.7222222,0.7206353479159229,20.18,0.0
1171,325.0,0.7198854023851683,20.18,0.0
1172,325.2777778,0.7191353355720355,20.18,0.0
1173,325.5555556,0.7183851507686633,20.18,0.0
1174,325.8333333,0.717634847380471,20.18,0.0
1175,326.1111111,0.7168844256229507,20.18,0.0
1176,326.3888889,0.7161338854415278,20.18,0.0
1177,326.6666667,0.7153832270518231,20.18,0.0
1178,326.9444444,0.7146324498587466,20.18,0.0
1179,327.2222222,0.7144318444381377,5.4,0.0
1180,327.5,0.7142312297907041,5.4,0.0
1181,327.7777778,0.7134720568290782,20.4,0.0
1182,328.0555556,0.7127127591622305,20.4,0.0
1183,328.3333333,0.7119533361827078,20.4,0.0
1184,328.6111111,0.711193788102959,20.4,0.0
1185,328.8888889,0.7104341148620802,20.4,0.0
1186,329.1666667,0.7096743166726457,20.4,0.0
1187,329.4444444,0.7089143944839615,20.4,0.0
1188,329.7222222,0.7081543505859396,20.4,0.0
1189,330.0,0.7068412448775001,35.18,0.0
1190,330.2777778,0.7055277665456638,35.18,0.0
1191,330.5555556,0.7042139157341054,35.18,0.0
1192,330.8333333,0.7028996871103742,35.18,0.0
1193,331.1111111,0.7015850780883514,35.18,0.0
1194,331.3888889,0.7002700883309897,35.18,0.0
1195,331.6666667,0.6989547179742672,35.18,0.0
1196,331.9444444,0.6976389623708623,35.18,0.0
1197,332.2222222,0.6963228207749678,35.18,0.0
1198,332.5,0.6950062928342629,35.18,0.0
1199,332.7777778,0.6942522296123143,20.18,0.0
1200,333.0555556,0.6940507687993421,5.4,0.0
1201,333.3333333,0.6938492986029684,5.4,0.0
1202,333.6111111,0.6936478190945252,5.4,0.0
1203,333.8888889,0.693446330272822,5.4,0.0
1204,334.1666667,0.6932448322092072,5.4,0.0
1205,334.4444444,0.6930433247574145,5.4,0.0
1206,334.7222222,0.6928418079887884,5.4,0.0
1207,335.0,0.6926402819021373,5.4,0.0
1208,335.2777778,0.6924387464962696,5.4,0.0
1209,335.5555556,0.6922372018425488,5.4,0.0
1210,335.8333333,0.692035647794674,5.4,0.0
1211,336.1111111,0.6912810568424771,20.18,0.0
1212,336.3888889,0.690526338136951,20.18,0.0
1213,336.6666667,0.6897714918840531,20.18,0.0
1214,336.9444444,0.6890165163692652,20.18,0.0
1215,337.2222222,0.688261409250165,20.18,0.0
1216,337.5,0.6875061704569998,20.18,0.0
1217,337.7777778,0.6867507999199538,20.18,0.0
1218,338.0555556,0.6859952978411279,20.18,0.0
1219,338.3333333,0.6852396636066652,20.18,0.0
1220,338.6111111,0.6844838974184929,20.18,0.0
1221,338.8888889,0.683727999228195,20.18,0.0
1222,339.1666667,0.6835260675768619,5.4,0.0
1223,339.4444444,0.683324126122646,5.4,0.0
1224,339.7222222,0.6831221749369413,5.4,0.0
1225,340.0,0.6829202140184487,5.4,0.0
1226,340.2777778,0.6827182433658697,5.4,0.0
1227,340.5555556,0.6825162630506182,5.4,0.0
1228,340.8333333,0.6823142729259721,5.4,0.0
1229,341.1111111,0.6821122730633417,5.4,0.0
1230,341.3888889,0.6819102634614261,5.4,0.0
1231,341.6666667,0.6817082441916527,5.4,0.0
1232,341.9444444,0.6815062151072702,5.4,0.0
1233,342.2222222,0.6807497710882332,20.18,0.0
1234,342.5,0.6799931947246574,20.18,0.0
1235,342.7777778,0.6792364859466211,20.18,0.0
1236,343.0555556,0.6784796449396103,20.18,0.0
1237,343.3333333,0.6777226710875521,20.18,0.0
1238,343.6111111,0.6769655645915998,20.18,0.0
1239,343.8888889,0.6762083253804262,20.18,0.0
1240,344.1666667,0.6754509536552918,20.18,0.0
1241,344.4444444,0.6746934487994775,20.18,0.0
1242,344.7222222,0.6739358080173953,20.18,0.0
1243,345.0,0.6737334301214944,5.4,0.0
1244,345.2777778,0.6735310421984827,5.4,0.0
1245,345.5555556,0.673328644319835,5.4,0.0
1246,345.8333333,0.673126236338439,5.4,0.0
1247,346.1111111,0.6729238183257658,5.4,0.0
1248,346.3888889,0.6727213902804254,5.4,0.0
1249,346.6666667,0.6725189522739061,5.4,0.0
1250,346.9444444,0.6717526051884307,20.4,0.0
1251,347.2222222,0.6709861142653952,20.4,0.0
1252,347.5,0.6702194794212599,20.4,0.0
1253,347.7777778,0.6694527005724011,20.4,0.0
1254,348.0555556,0.6681274321353612,35.18,0.0
1255,348.3333333,0.666801719016144,35.18,0.0
1256,348.6111111,0.6654755612233478,35.18,0.0
1257,348.8888889,0.6641489582877793,35.18,0.0
1258,349.1666667,0.6628218871717129,35.18,0.0
1259,349.4444444,0.6614943334900119,35.18,0.0
1260,349.7222222,0.6601662971491404,35.18,0.0
1261,350.0,0.6588377775768042,35.18,0.0
1262,350.2777778,0.6575087797669041,35.18,0.0
1263,350.5555556,0.6561793044609541,35.18,0.0
1264,350.8333333,0.6548493501699074,35.18,0.0
1265,351.1111111,0.6540795720341882,20.4,0.0
1266,351.3888889,0.6533096325996949,20.4,0.0
1267,351.6666667,0.6525395320352841,20.4,0.0
1268,351.9444444,0.6523361075441517,5.4,0.0
1269,352.2222222,0.6521326723003472,5.4,0.0
1270,352.5,0.6519292263022571,5.4,0.0
1271,352.7777778,0.6517257695482676,5.4,0.0
1272,353.0555556,0.651522302110012,5.4,0.0
1273,353.3333333,0.6513188238393833,5.4,0.0
1274,353.6111111,0.6511153348080103,5.4,0.0
1275,353.8888889,0.6509118350142773,5.4,0.0
1276,354.1666667,0.6501495494065523,20.18,0.0
1277,354.4444444,0.6493871053487411,20.18,0.0
1278,354.7222222,0.648624496981282,20.18,0.0
1279,355.0,0.647861722718944,20.18,0.0
1280,355.2777778,0.6470987824464348,20.18,0.0
1281,355.5555556,0.64633567632304,20.18,0.0
1282,355.8333333,0.6455724036838106,20.18,0.0
1283,356.1111111,0.6448089646876921,20.18,0.0
1284,356.3888889,0.6440453573428596,20.18,0.0
1285,356.6666667,0.6432815761818996,20.18,0.0
1286,356.9444444,0.6425176205301993,20.18,0.0
1287,357.2222222,0.6423136618953619,5.4,0.0
1288,357.5,0.6421096911493186,5.4,0.0
1289,357.7777778,0.6419057082900225,5.4,0.0
1290,358.0555556,0.6417017133888646,5.4,0.0
1291,358.3333333,0.6414977062969253,5.4,0.0
1292,358.6111111,0.6412936870855898,5.4,0.0
1293,358.8888889,0.641089655752809,5.4,0.0
1294,359.1666667,0.6408856123699891,5.4,0.0
1295,359.4444444,0.6406815567881731,5.4,0.0
1296,359.7222222,0.6404774890787612,5.4,0.0
1297,360.0,0.6397128698084388,20.18,0.0
1298,360.2777778,0.6389480742879985,20.18,0.0
1299,360.5555556,0.6381831002671188,20.18,0.0
1300,360.8333333,0.6374179470593766,20.18,0.0
1301,361.1111111,0.636652614804212,20.18,0.0
1302,361.3888889,0.635887103365556,20.18,0.0
1303,361.6666667,0.6351214128828074,20.18,0.0
1304,361.9444444,0.6343555426683016,20.18,0.0
1305,362.2222222,0.6335894864987737,20.18,0.0
1306,362.5,0.6328232430292897,20.18,0.0
1307,362.7777778,0.632056812112508,20.18,0.0
1308,363.0555556,0.6318522560390005,5.4,0.0
1309,363.3333333,0.6316476872648183,5.4,0.0
1310,363.6111111,0.6314431058613569,5.4,0.0
1311,363.8888889,0.6312385118263758,5.4,0.0
1312,364.1666667,0.6310339052312919,5.4,0.0
1313,364.4444444,0.6308292859265509,5.4,0.0
1314,364.7222222,0.6306246539835638,5.4,0.0
1315,365.0,0.6304200094000875,5.4,0.0
1316,365.2777778,0.6302153521738776,5.4,0.0
1317,365.5555556,0.629439865259522,20.4,0.0
1318,365.8333333,0.6286641798565373,20.4,0.0
1319,366.1111111,0.6273221352267331,35.18,0.0
1320,366.3888889,0.6259794206779073,35.18,0.0
1321,366.6666667,0.624636035529239,35.18,0.0
1322,366.9444444,0.6232919656602397,35.18,0.0
1323,367.2222222,0.6219471780223214,35.18,0.0
1324,367.5,0.6206016712692062,35.18,0.0
1325,367.7777778,0.6192554440500734,35.18,0.0
1326,368.0555556,0.6179084943615061,35.18,0.0
1327,368.3333333,0.6165608189712243,35.18,0.0
1328,368.6111111,0.6152124170158352,35.18,0.0
1329,368.8888889,0.6138632871428215,35.18,0.0
1330,369.1666667,0.613083365239156,20.4,0.0
1331,369.4444444,0.6123032150931297,20.4,0.0
1332,369.7222222,0.6115228367655793,20.4,0.0
1333,370.0,0.6107422300362775,20.4,0.0
1334,370.2777778,0.6099613946846215,20.4,0.0
1335,370.5555556,0.6097554360895923,5.4,0.0
1336,370.8333333,0.609549463045985,5.4,0.0
1337,371.1111111,0.6093434756250066,5.4,0.0
1338,371.3888889,0.6091374738237225,5.4,0.0
1339,371.6666667,0.6089314577133631,5.4,0.0
1340,371.9444444,0.6087254271426658,5.4,0.0
1341,372.2222222,0.607952458115331,20.18,0.0
1342,372.5,0.6071792651361568,20.18,0.0
1343,372.7777778,0.6064058479901036,20.18,0.0
1344,373.0555556,0.6056322067402767,20.18,0.0
1345,373.3333333,0.6048583406139645,20.18,0.0
1346,373.6111111,0.6040842482523051,20.18,0.0
1347,373.8888889,0.6033099230871518,20.18,0.0
1348,374.1666667,0.602535365164818,20.18,0.0
1349,374.4444444,0.601760573694767,20.18,0.0
1350,374.7222222,0.6009855487224044,20.18,0.0
1351,375.0,0.6007789766174251,5.4,0.0
1352,375.2777778,0.6005723895576307,5.4,0.0
1353,375.5555556,0.6003657876142233,5.4,0.0
1354,375.8333333,0.600159170635279,5.4,0.0
1355,376.1111111,0.599952538691992,5.4,0.0
1356,376.3888889,0.599745891856162,5.4,0.0
1357,376.6666667,0.5995392304505618,5.4,0.0
1358,376.9444444,0.5993325543233846,5.4,0.0
1359,377.2222222,0.5991258635460062,5.4,0.0
1360,377.5,0.5989191581154085,5.4,0.0
1361,377.7777778,0.5987124380285724,5.4,0.0
1362,378.0555556,0.5979364873172381,20.18,0.0
1363,378.3333333,0.5971603138658491,20.18,0.0
1364,378.6111111,0.596383917746495,20.18,0.0
1365,378.8888889,0.595607298751664,20.18,0.0
1366,379.1666667,0.5948304569531685,20.18,0.0
1367,379.4444444,0.5940533924912603,20.18,0.0
1368,379.7222222,0.5932761086949592,20.18,0.0
1369,380.0,0.5924986053663076,20.18,0.0
1370,380.2777778,0.5917208823070367,20.18,0.0
1371,380.5555556,0.5909429395986248,20.18,0.0
1372,380.8333333,0.5901647764821383,20.18,0.0
1373,381.1111111,0.5899574592676609,5.4,0.0
1374,381.3888889,0.5897501271974296,5.4,0.0
1375,381.6666667,0.5895427801775116,5.4,0.0
1376,381.9444444,0.5893354180554817,5.4,0.0
1377,382.2222222,0.5891280409028375,5.4,0.0
1378,382.5,0.5889206487164362,5.4,0.0
1379,382.7777778,0.5887132414931338,5.4,0.0
1380,383.0555556,0.588505819304457,5.4,0.0
1381,383.3333333,0.5882983819979211,5.4,0.0
1382,383.6111111,0.5880909296450452,5.4,0.0
1383,383.8888889,0.5873033864806285,20.4,0.0
1384,384.1666667,0.5859382935663091,35.18,0.0
1385,384.4444444,0.58457246899973,35.18,0.0
1386,384.7222222,0.5832059423161979,35.18,0.0
1387,385.0,0.5818387790602402,35.18,0.0
1388,385.2777778,0.5804709783073809,35.18,0.0
1389,385.5555556,0.5791025396234784,35.18,0.0
1390,385.8333333,0.5777334676407755,35.18,0.0
1391,386.1111111,0.5763637653965877,35.18,0.0
1392,386.3888889,0.5749934320066862,35.18,0.0
1393,386.6666667,0.5736224674382409,35.18,0.0
1394,386.9444444,0.5722509446804628,35.18,0.0
1395,387.2222222,0.571459258063408,20.4,0.0
1396,387.5,0.5706673801012886,20.4,0.0
1397,387.7777778,0.5698753106607838,20.4,0.0
1398,388.0555556,0.5690830512346464,20.4,0.0
1399,388.3333333,0.568290608305645,20.4,0.0
1400,388.6111111,0.5674979820409666,20.4,0.0
1401,388.8888889,0.5672891505970076,5.4,0.0
1402,389.1666667,0.5670803051423534,5.4,0.0
1403,389.4444444,0.5668714455239968,5.4,0.0
1404,389.7222222,0.5666625718144722,5.4,0.0
1405,390.0,0.5658781679096931,20.18,0.0
1406,390.2777778,0.565093584085988,20.18,0.0
1407,390.5555556,0.5643088205109298,20.18,0.0
1408,390.8333333,0.5635238729544403,20.18,0.0
1409,391.1111111,0.5627387411053538,20.18,0.0
1410,391.3888889,0.56195342485076,20.18,0.0
1411,391.6666667,0.5611679243604246,20.18,0.0
1412,391.9444444,0.5603822389557331,20.18,0.0
1413,392.2222222,0.5595963688061736,20.18,0.0
1414,392.5,0.5588103223330062,20.18,0.0
1415,392.7777778,0.5580241075276525,20.18,0.0
1416,393.0555556,0.5578146239410317,5.4,0.0
1417,393.3333333,0.5576051249935817,5.4,0.0
1418,393.6111111,0.5573956107576885,5.4,0.0
1419,393.8888889,0.5571860812303281,5.4,0.0
1420,394.1666667,0.5569765364839118,5.4,0.0
1421,394.4444444,0.556766976364547,5.4,0.0
1422,394.7222222,0.5565574009446373,5.4,0.0
1423,395.0,0.5563478102211553,5.4,0.0
1424,395.2777778,0.5561382041910718,5.4,0.0
1425,395.5555556,0.555928582926821,5.4,0.0
1426,395.8333333,0.5557189462744504,5.4,0.0
1427,396.1111111,0.5549320426078161,20.18,0.0
1428,396.3888889,0.5541449690957518,20.18,0.0
1429,396.6666667,0.5533577144146844,20.18,0.0
1430,396.9444444,0.5525702778986838,20.18,0.0
1431,397.2222222,0.551782659731851,20.18,0.0
1432,397.5,0.550994859814868,20.18,0.0
1433,397.7777778,0.5502068780483428,20.18,0.0
1434,398.0555556,0.5494187146165487,20.18,0.0
1435,398.3333333,0.5486303841393758,20.18,0.0
1436,398.6111111,0.5478418922630731,20.18,0.0
1437,398.8888889,0.5470532389127847,20.18,0.0
1438,399.1666667,0.546842964310989,5.4,0.0
1439,399.4444444,0.5466326746708227,5.4,0.0
1440,399.7222222,0.5464223700651073,5.4,0.0
1441,400.0,0.5462120504909702,5.4,0.0
1442,400.2777778,0.546001715945538,5.4,0.0
1443,400.5555556,0.5457913665016619,5.4,0.0
1444,400.8333333,0.5455810020050204,5.4,0.0
1445,401.1111111,0.5453706225284575,5.4,0.0
1446,401.3888889,0.545160228069096,5.4,0.0
1447,401.6666667,0.5449498186998055,5.4,0.0
1448,401.9444444,0.5441518997942105,20.4,0.0
1449,402.2222222,0.5427704923330696,35.18,0.0
1450,402.5,0.5413886670420872,35.18,0.0
1451,402.7777778,0.5400064236720605,35.18,0.0
1452,403.0555556,0.5386237624714164,35.18,0.0
1453,403.3333333,0.5372406616235555,35.18,0.0
1454,403.6111111,0.5358571212190555,35.18,0.0
1455,403.8888889,0.5344731409465028,35.18,0.0
1456,404.1666667,0.5330887337087363,35.18,0.0
1457,404.4444444,0.5317039189164801,35.18,0.0
1458,404.7222222,0.5303186968018042,35.18,0.0
1459,405.0,0.5295177571154386,20.4,0.0
1460,405.2777778,0.5287166508288594,20.4,0.0
1461,405.5555556,0.5279153728189268,20.4,0.0
1462,405.8333333,0.5271139224057261,20.4,0.0
1463,406.1111111,0.5263122997745006,20.4,0.0
1464,406.3888889,0.5255105048219947,20.4,0.0
1465,406.6666667,0.5247085377335619,20.4,0.0
1466,406.9444444,0.5239064073399479,20.4,0.0
1467,407.2222222,0.5236946953486673,5.4,0.0
1468,407.5,0.5234829715101729,5.4,0.0
1469,407.7777778,0.5232712358226578,5.4,0.0
1470,408.0555556,0.5224775252436413,20.18,0.0
1471,408.3333333,0.5216836707246256,20.18,0.0
1472,408.6111111,0.5208896724819765,20.18,0.0
1473,408.8888889,0.5200955304463226,20.18,0.0
1474,409.1666667,0.5193012448341843,20.18,0.0
1475,409.4444444,0.5185068111796078,20.18,0.0
1476,409.7222222,0.5177122291702981,20.18,0.0
1477,410.0,0.516917498730527,20.18,0.0
1478,410.2777778,0.5161226197845047,20.18,0.0
1479,410.5555556,0.5153275925425895,20.18,0.0
1480,410.8333333,0.5145324163565023,20.18,0.0
1481,411.1111111,0.5143202040201599,5.4,0.0
1482,411.3888889,0.5141079800141547,5.4,0.0
1483,411.6666667,0.5138957444131248,5.4,0.0
1484,411.9444444,0.5136834970624975,5.4,0.0
1485,412.2222222,0.5134712380369058,5.4,0.0
1486,412.5,0.5132589673345813,5.4,0.0
1487,412.7777778,0.5130466849537557,5.4,0.0
1488,413.0555556,0.5128343909690855,5.4,0.0
1489,413.3333333,0.5126220852259539,5.4,0.0
1490,413.6111111,0.5124097677990126,5.4,0.0
1491,413.8888889,0.5121974386864911,5.4,0.0
1492,414.1666667,0.5114016500461583,20.18,0.0
1493,414.4444444,0.5106057119794302,20.18,0.0
1494,414.7222222,0.50980962469392,20.18,0.0
1495,415.0,0.5090133901695906,20.18,0.0
1496,415.2777778,0.5082170148846983,20.18,0.0
1497,415.5555556,0.5074204990575999,20.18,0.0
1498,415.8333333,0.5066238420464129,20.18,0.0
1499,416.1111111,0.5058270440693375,20.18,0.0
1500,416.3888889,0.505030105057825,20.18,0.0
1501,416.6666667,0.5042330252302226,20.18,0.0
1502,416.9444444,0.5034357997319578,20.18,0.0
1503,417.2222222,0.5032230137285872,5.4,0.0
1504,417.5,0.5030102162732609,5.4,0.0
1505,417.7777778,0.5027974073642857,5.4,0.0
1506,418.0555556,0.5025845870765825,5.4,0.0
1507,418.3333333,0.5023717552552304,5.4,0.0
1508,418.6111111,0.5021589119751458,5.4,0.0
1509,418.8888889,0.5019460572346334,5.4,0.0
1510,419.1666667,0.5017331911086295,5.4,0.0
1511,419.4444444,0.5015203134421781,5.4,0.0
1512,419.7222222,0.5013074243102106,5.4,0.0
1513,420.0,0.5005096398782356,20.18,0.0
1514,420.2777778,0.4991147334635014,35.18,0.0
1515,420.5555556,0.4977194267367639,35.18,0.0
1516,420.8333333,0.4963237310106898,35.18,0.0
1517,421.1111111,0.49492764648720533,35.18,0.0
1518,421.3888889,0.49353117450627115,35.18,0.0
1519,421.6666667,0.49213434531386074,35.18,0.0
1520,421.9444444,0.49073715765786274,35.18,0.0
1521,422.2222222,0.48933961179421875,35.18,0.0
1522,422.5,0.48794168995877407,35.18,0.0
1523,422.7777778,0.48654337229913375,35.18,0.0
1524,423.0555556,0.4857344235282663,20.4,0.0
1525,423.3333333,0.4849253374348263,20.4,0.0
1526,423.6111111,0.4841161146583939,20.4,0.0
1527,423.8888889,0.483306759215978,20.4,0.0
1528,424.1666667,0.4824972713375738,20.4,0.0
1529,424.4444444,0.4816876503789304,20.4,0.0
1530,424.7222222,0.4808778965699015,20.4,0.0
1531,425.0,0.4800680098489266,20.4,0.0
1532,425.2777778,0.4798541507063538,5.4,0.0
1533,425.5555556,0.4796402820993911,5.4,0.0
1534,425.8333333,0.47942640420620597,5.4,0.0
1535,426.1111111,0.4786250484985508,20.18,0.0
1536,426.3888889,0.477823575584058,20.18,0.0
1537,426.6666667,0.4770219857025768,20.18,0.0
1538,426.9444444,0.47622027822824753,20.18,0.0
1539,427.2222222,0.4754184534008097,20.18,0.0
1540,427.5,0.4746165111714396,20.18,0.0
1541,427.7777778,0.47381444727863936,20.18,0.0
1542,428.0555556,0.47301225735930086,20.18,0.0
1543,428.3333333,0.4722099407784451,20.18,0.0
1544,428.6111111,0.47140749776732455,20.18,0.0
1545,428.8888889,0.4706049282684049,20.18,0.0
1546,429.1666667,0.47039067718290806,5.4,0.0
1547,429.4444444,0.47017641625473783,5.4,0.0
1548,429.7222222,0.4699621455598074,5.4,0.0
1549,430.0,0.46974786516674705,5.4,0.0
1550,430.2777778,0.46953357539990903,5.4,0.0
1551,430.5555556,0.4693192763353341,5.4,0.0
1552,430.8333333,0.46910496781762284,5.4,0.0
1553,431.1111111,0.4688906499228122,5.4,0.0
1554,431.3888889,0.4686763226497943,5.4,0.0
1555,431.6666667,0.46846198607462247,5.4,0.0
1556,431.9444444,0.4682476400418696,5.4,0.0
1557,432.2222222,0.467444564503398,20.18,0.0
1558,432.5,0.4666413710482901,20.18,0.0
1559,432.7777778,0.46583805962797314,20.18,0.0
1560,433.0555556,0.4650346304830756,20.18,0.0
1561,433.3333333,0.4642310829865326,20.18,0.0
1562,433.6111111,0.4634274215769897,20.18,0.0
1563,433.8888889,0.4626236463978012,20.18,0.0
1564,434.1666667,0.46181975769268135,20.18,0.0
1565,434.4444444,0.46101575483715507,20.18,0.0
1566,434.7222222,0.4602116380748345,20.18,0.0
1567,435.0,0.4599969645256859,5.4,0.0
1568,435.2777778,0.4597822819885572,5.4,0.0
1569,435.5555556,0.4595675907356479,5.4,0.0
1570,435.8333333,0.45935289061141804,5.4,0.0
1571,436.1111111,0.459138181692188,5.4,0.0
1572,436.3888889,0.4589234639769922,5.4,0.0
1573,436.6666667,0.45870873754216646,5.4,0.0
1574,436.9444444,0.45849400223214487,5.4,0.0
1575,437.2222222,0.4582792581232597,5.4,0.0
1576,437.5,0.45806450521454467,5.4,0.0
1577,437.7777778,0.4578497435050333,5.4,0.0
1578,438.0555556,0.45704516312615945,20.18,0.0
1579,438.3333333,0.45563881633770864,35.18,0.0
1580,438.6111111,0.45423215347516466,35.18,0.0
1581,438.8888889,0.4528251657221604,35.18,0.0
1582,439.1666667,0.45141784618864456,35.18,0.0
1583,439.4444444,0.4500101936300614,35.18,0.0
1584,439.7222222,0.4486022083212511,35.18,0.0
1585,440.0,0.44719388171855107,35.18,0.0
1586,440.2777778,0.44578521352303896,35.18,0.0
1587,440.5555556,0.44437620400335326,35.18,0.0
1588,440.8333333,0.44296686166152965,35.18,0.0
1589,441.1111111,0.4421514320860732,20.4,0.0
1590,441.3888889,0.44133589411857044,20.4,0.0
1591,441.6666667,0.4405202480107572,20.4,0.0
1592,441.9444444,0.43970449313348325,20.4,0.0
1593,442.2222222,0.43888863144289847,20.4,0.0
1594,442.5,0.4380726659015201,20.4,0.0
1595,442.7777778,0.4372565964727034,20.4,0.0
1596,443.0555556,0.4364404234136045,20.4,0.0
1597,443.3333333,0.43622487674037796,5.4,0.0
1598,443.6111111,0.4360093218128997,5.4,0.0
1599,443.8888889,0.4357937586303292,5.4,0.0
1600,444.1666667,0.43498622464902675,20.18,0.0
1601,444.4444444,0.43417858840199397,20.18,0.0
1602,444.7222222,0.43337084565139705,20.18,0.0
1603,445.0,0.43256299635582307,20.18,0.0
1604,445.2777778,0.4317550404738319,20.18,0.0
1605,445.5555556,0.43094697825485806,20.18,0.0
1606,445.8333333,0.43013880907564017,20.18,0.0
1607,446.1111111,0.4293305331855204,20.18,0.0
1608,446.3888889,0.4285221543003995,20.18,0.0
1609,446.6666667,0.4277136734530523,20.18,0.0
1610,446.9444444,0.4269050900244197,20.18,0.0
1611,447.2222222,0.42668921165091445,5.4,0.0
1612,447.5,0.4264733252236573,5.4,0.0
1613,447.7777778,0.42625743074184613,5.4,0.0
1614,448.0555556,0.42604152828240405,5.4,0.0
1615,448.3333333,0.4258256176890819,5.4,0.0
1616,448.6111111,0.4256096990387994,5.4,0.0
1617,448.8888889,0.42539377233075404,5.4,0.0
1618,449.1666667,0.4251778376418798,5.4,0.0
1619,449.4444444,0.4249618948159038,5.4,0.0
1620,449.7222222,0.42474594395054704,5.4,0.0
1621,450.0,0.4239369601910951,20.18,0.0
1622,450.2777778,0.4231278739394704,20.18,0.0
1623,450.5555556,0.42231868544928114,20.18,0.0
1624,450.8333333,0.4215093941002257,20.18,0.0
1625,451.1111111,0.4207000001458294,20.18,0.0
1626,451.3888889,0.4198905035483227,20.18,0.0
1627,451.6666667,0.41908090455881536,20.18,0.0
1628,451.9444444,0.41827120253996475,20.18,0.0
1629,452.2222222,0.41746139774477087,20.18,0.0
1630,452.5,0.4166514901347909,20.18,0.0
1631,452.7777778,0.4158414796715578,20.18,0.0
1632,453.0555556,0.41562522240084376,5.4,0.0
1633,453.3333333,0.4154089571965153,5.4,0.0
1634,453.6111111,0.41519268413565746,5.4,0.0
1635,453.8888889,0.4149764032175052,5.4,0.0
1636,454.1666667,0.41476011454134515,5.4,0.0
1637,454.4444444,0.4145438181318902,5.4,0.0
1638,454.7222222,0.4143275140662802,5.4,0.0
1639,455.0,0.4141112023437939,5.4,0.0
1640,455.2777778,0.4138948829637098,5.4,0.0
1641,455.5555556,0.41367855600318404,5.4,0.0
1642,455.8333333,0.41346222130574223,5.4,0.0
1643,456.1111111,0.4120458904055962,35.18,0.0
1644,456.3888889,0.4106292623393587,35.18,0.0
1645,456.6666667,0.40921233743368696,35.18,0.0
1646,456.9444444,0.40779513412439616,35.18,0.0
1647,457.2222222,0.4063776684741191,35.18,0.0
1648,457.5,0.4049599403583778,35.18,0.0
1649,457.7777778,0.40354194795468235,35.18,0.0
1650,458.0555556,0.40212363320486655,35.18,0.0
1651,458.3333333,0.4007049948601033,35.18,0.0
1652,458.6111111,0.39928603320283745,35.18,0.0
1653,458.8888889,0.3978667577506995,35.18,0.0
1654,459.1666667,0.3970455673201132,20.4,0.0
1655,459.4444444,0.39622427524240234,20.4,0.0
1656,459.7222222,0.39540288177630084,20.4,0.0
1657,460.0,0.39458138688492816,20.4,0.0
1658,460.2777778,0.39375979050987603,20.4,0.0
1659,460.5555556,0.39293809288887616,20.4,0.0
1660,460.8333333,0.3921162933927888,20.4,0.0
1661,461.1111111,0.39129439227981094,20.4,0.0
1662,461.3888889,0.3910773390704701,5.4,0.0
1663,461.6666667,0.3908602784487985,5.4,0.0
1664,461.9444444,0.3906432102578238,5.4,0.0
1665,462.2222222,0.3898300146334548,20.18,0.0
1666,462.5,0.3890167194943152,20.18,0.0
1667,462.7777778,0.3882033248093473,20.18,0.0
1668,463.0555556,0.3873898308349722,20.18,0.0
1669,463.3333333,0.38657623694905063,20.18,0.0
1670,463.6111111,0.3857625434079228,20.18,0.0
1671,463.8888889,0.3849487501750835,20.18,0.0
1672,464.1666667,0.3841348575110683,20.18,0.0
1673,464.4444444,0.3833208648547039,20.18,0.0
1674,464.7222222,0.3825067724640916,20.18,0.0
1675,465.0,0.38228943631394163,5.4,0.0
1676,465.2777778,0.38207209228633815,5.4,0.0
1677,465.5555556,0.3818547404587684,5.4,0.0
1678,465.8333333,0.3816373806739825,5.4,0.0
1679,466.1111111,0.3814200130094646,5.4,0.0
1680,466.3888889,0.3812026374644551,5.4,0.0
1681,466.6666667,0.380985254116452,5.4,0.0
1682,466.9444444,0.3807678628081823,5.4,0.0
1683,467.2222222,0.38055046361714107,5.4,0.0
1684,467.5,0.380333056542568,5.4,0.0
1685,467.7777778,0.38011564158370287,5.4,0.0
1686,468.0555556,0.37930112926171794,20.18,0.0
1687,468.3333333,0.3784865206590619,20.18,0.0
1688,468.6111111,0.3776718166860187,20.18,0.0
1689,468.8888889,0.3768570173102599,20.18,0.0
1690,469.1666667,0.37604212279280114,20.18,0.0
1691,469.4444444,0.3752271325145878,20.18,0.0
1692,469.7222222,0.3744120467365638,20.18,0.0
1693,470.0,0.3735968587646532,20.18,0.0
1694,470.2777778,0.3727815659867053,20.18,0.0
1695,470.5555556,0.37196616865653853,20.18,0.0
1696,470.8333333,0.3711506661473545,20.18,0.0
1697,471.1111111,0.37093295384810465,5.4,0.0
1698,471.3888889,0.37071523354761754,5.4,0.0
1699,471.6666667,0.37049750532348624,5.4,0.0
1700,471.9444444,0.37027976901815995,5.4,0.0
1701,472.2222222,0.3700620247092286,5.4,0.0
1702,472.5,0.3698442723959025,5.4,0.0
1703,472.7777778,0.36962651216388226,5.4,0.0
1704,473.0555556,0.3694087441252417,5.4,0.0
1705,473.3333333,0.36919096812242286,5.4,0.0
1706,473.6111111,0.3689731842330516,5.4,0.0
1707,473.8888889,0.3687553924563598,5.4,0.0
1708,474.1666667,0.3673293451309008,35.18,0.0
1709,474.4444444,0.36590296902892033,35.18,0.0
1710,474.7222222,0.36447626442949566,35.18,0.0
1711,475.0,0.3630492291028175,35.18,0.0
1712,475.2777778,0.3616218593647238,35.18,0.0
1713,475.5555556,0.3601941554805824,35.18,0.0
1714,475.8333333,0.35876611617364035,35.18,0.0
1715,476.1111111,0.35733774175723987,35.18,0.0
1716,476.3888889,0.3559090319895773,35.18,0.0
1717,476.6666667,0.3544799871353213,35.18,0.0
1718,476.9444444,0.35305061512545155,35.18,0.0
1719,477.2222222,0.3522237343265194,20.4,0.0
1720,477.5,0.3513967501292928,20.4,0.0
1721,477.7777778,0.3505696624956564,20.4,0.0
1722,478.0555556,0.34974247168525957,20.4,0.0
1723,478.3333333,0.34891517257299837,20.4,0.0
1724,478.6111111,0.34808775547447424,20.4,0.0
1725,478.8888889,0.3472602203379296,20.4,0.0
1726,479.1666667,0.347041718110449,5.4,0.0
1727,479.4444444,0.34682320742632894,5.4,0.0
1728,479.7222222,0.34660468836335173,5.4,0.0
1729,480.0,0.3457858929163898,20.18,0.0
1730,480.2777778,0.34496698190107894,20.18,0.0
1731,480.5555556,0.34414795556199695,20.18,0.0
1732,480.8333333,0.34332881325568493,20.18,0.0
1733,481.1111111,0.3425095552260898,20.18,0.0
1734,481.3888889,0.3416901814223111,20.18,0.0
1735,481.6666667,0.3408706920884263,20.18,0.0
1736,481.9444444,0.34005108658346644,20.18,0.0
1737,482.2222222,0.33923136515138874,20.18,0.0
1738,482.5,0.33841152336599944,20.18,0.0
1739,482.7777778,0.33759156088142755,20.18,0.0
1740,483.0555556,0.33737271537641306,5.4,0.0
1741,483.3333333,0.33715386116820023,5.4,0.0
1742,483.6111111,0.3369349983346386,5.4,0.0
1743,483.8888889,0.33671612687479596,5.4,0.0
1744,484.1666667,0.3364972468665369,5.4,0.0
1745,484.4444444,0.33627835815133866,5.4,0.0
1746,484.7222222,0.3360594608070623,5.4,0.0
1747,485.0,0.335840554832775,5.4,0.0
1748,485.2777778,0.335621640227544,5.4,0.0
1749,485.5555556,0.3354027170692484,5.4,0.0
1750,485.8333333,0.33518378519933345,5.4,0.0
1751,486.1111111,0.33436331966714805,20.18,0.0
1752,486.3888889,0.33354273315562055,20.18,0.0
1753,486.6666667,0.3327220259044052,20.18,0.0
1754,486.9444444,0.33190119726643313,20.18,0.0
1755,487.2222222,0.33108024748086656,20.18,0.0
1756,487.5,0.3302591764914116,20.18,0.0
1757,487.7777778,0.3294379842417284,20.18,0.0
1758,488.0555556,0.32861666451360294,20.18,0.0
1759,488.3333333,0.3277952136726487,20.18,0.0
1760,488.6111111,0.32697363194761253,20.18,0.0
1761,488.8888889,0.3261519192715525,20.18,0.0
1762,489.1666667,0.32593264727071025,5.4,0.0
1763,489.4444444,0.32571336622084257,5.4,0.0
1764,489.7222222,0.3254940761998646,5.4,0.0
1765,490.0,0.3252747772067566,5.4,0.0
1766,490.2777778,0.3250554692404986,5.4,0.0
1767,490.5555556,0.32483615237902447,5.4,0.0
1768,490.8333333,0.32461682573948464,5.4,0.0
1769,491.1111111,0.3243974891545098,5.4,0.0
1770,491.3888889,0.32417814262282585,5.4,0.0
1771,491.6666667,0.32395878622212676,5.4,0.0
1772,491.9444444,0.3237394197932051,5.4,0.0
1773,492.2222222,0.32230150234314653,35.18,0.0
1774,492.5,0.3208630672183553,35.18,0.0
1775,492.7777778,0.319424113763516,35.18,0.0
1776,493.0555556,0.3179846361352183,35.18,0.0
1777,493.3333333,0.31654462406561756,35.18,0.0
1778,493.6111111,0.31510407737903195,35.18,0.0
1779,493.8888889,0.31366299538013576,35.18,0.0
1780,494.1666667,0.31222131645620615,35.18,0.0
1781,494.4444444,0.31077903388334327,35.18,0.0
1782,494.7222222,0.3093361472662575,35.18,0.0
1783,495.0,0.30850203344162064,20.4,0.0
1784,495.2777778,0.3076677247568185,20.4,0.0
1785,495.5555556,0.3068332213548594,20.4,0.0
1786,495.8333333,0.3059985224773296,20.4,0.0
1787,496.1111111,0.3051636282667095,20.4,0.0
1788,496.3888889,0.30432853856489805,20.4,0.0
1789,496.6666667,0.3034932616185598,20.4,0.0
1790,496.9444444,0.3026577986592416,20.4,0.0
1791,497.2222222,0.30243745688338974,5.4,0.0
1792,497.5,0.3022171037505675,5.4,0.0
1793,497.7777778,0.3019967392590821,5.4,0.0
1794,498.0555556,0.3011699973669216,20.18,0.0
1795,498.3333333,0.3003430735154721,20.18,0.0
1796,498.6111111,0.29951596786666645,20.18,0.0
1797,498.8888889,0.2986886633740235,20.18,0.0
1798,499.1666667,0.29786114817212594,20.18,0.0
1799,499.4444444,0.297033421476565,20.18,0.0
1800,499.7222222,0.29620548339619135,20.18,0.0
1801,500.0,0.2953773337417213,20.18,0.0
1802,500.2777778,0.29454897232356525,20.18,0.0
1803,500.5555556,0.2937204152238214,20.18,0.0
1804,500.8333333,0.29289167506186725,20.18,0.0
1805,501.1111111,0.29267082915366,5.4,0.0
1806,501.3888889,0.2924499716924223,5.4,0.0
1807,501.6666667,0.2922291027559225,5.4,0.0
1808,501.9444444,0.292008222183394,5.4,0.0
1809,502.2222222,0.2917873300525999,5.4,0.0
1810,502.5,0.2915664263617942,5.4,0.0
1811,502.7777778,0.2913455111092305,5.4,0.0
1812,503.0555556,0.2911245843726956,5.4,0.0
1813,503.3333333,0.29090364599137886,5.4,0.0
1814,503.6111111,0.2906826960430621,5.4,0.0
1815,503.8888889,0.29046173452599694,5.4,0.0
1816,504.1666667,0.289632247125443,20.18,0.0
1817,504.4444444,0.2888025673829494,20.18,0.0
1818,504.7222222,0.2879726846444156,20.18,0.0
1819,505.0,0.28714259873926723,20.18,0.0
1820,505.2777778,0.28631230949667275,20.18,0.0
1821,505.5555556,0.28548181704451964,20.18,0.0
1822,505.8333333,0.2846511206135784,20.18,0.0
1823,506.1111111,0.2838202265663889,20.18,0.0
1824,506.3888889,0.28298914336163733,20.18,0.0
1825,506.6666667,0.28215787115372865,20.18,0.0
1826,506.9444444,0.2813264091991639,20.18,0.0
1827,507.2222222,0.2811049594725006,5.4,0.0
1828,507.5,0.2808834977615997,5.4,0.0
1829,507.7777778,0.28066202406458607,5.4,0.0
1830,508.0555556,0.28044053845931877,5.4,0.0
1831,508.3333333,0.2802190407844563,5.4,0.0
1832,508.6111111,0.2799975311178524,5.4,0.0
1833,508.8888889,0.2797760094359022,5.4,0.0
1834,509.1666667,0.27955447388842414,5.4,0.0
1835,509.4444444,0.27933292431331597,5.4,0.0
1836,509.7222222,0.27911136078772303,5.4,0.0
1837,510.0,0.2776529657196911,35.18,0.0
1838,510.2777778,0.2761937040886712,35.18,0.0
1839,510.5555556,0.2747335744760965,35.18,0.0
1840,510.8333333,0.2732725751562381,35.18,0.0
1841,511.1111111,0.27181071044477423,35.18,0.0
1842,511.3888889,0.27034797841917885,35.18,0.0
1843,511.6666667,0.2688843776759988,35.18,0.0
1844,511.9444444,0.26741985471415636,35.18,0.0
1845,512.2222222,0.2659543921018591,35.18,0.0
1846,512.5,0.2644879875905803,35.18,0.0
1847,512.7777778,0.2630206488382284,35.18,0.0
1848,513.0555556,0.2621745138210627,20.4,0.0
1849,513.3333333,0.2613281090324658,20.4,0.0
1850,513.6111111,0.2604814344924941,20.4,0.0
1851,513.8888889,0.2596344899161618,20.4,0.0
1852,514.1666667,0.25878727107139576,20.4,0.0
1853,514.4444444,0.2579397714528972,20.4,0.0
1854,514.7222222,0.257091991065821,20.4,0.0
1855,515.0,0.256243929609863,20.4,0.0
1856,515.2777778,0.2560208212046755,5.4,0.0
1857,515.5555556,0.2557976947411224,5.4,0.0
1858,515.8333333,0.2555745500542529,5.4,0.0
1859,516.1111111,0.2544059313751391,28.0,0.0
1860,516.3888889,0.2532367760199189,28.0,0.0
1861,516.6666667,0.2520671129183813,28.0,0.0
1862,516.9444444,0.2508969405096501,28.0,0.0
1863,517.2222222,0.2497262584939497,28.0,0.0
1864,517.5,0.2515878096852839,28.0,75.75374589231492
1865,517.7777778,0.2534477300063788,28.0,75.72491273831845
1866,518.0555556,0.2553068149176326,28.0,75.71187136568413
1867,518.3333333,0.25716564548976784,28.0,75.71350186538844
1868,518.6111111,0.25902497219137616,28.0,75.72879837508255
1869,518.8888889,0.26088542405739756,28.0,75.7568853841402
1870,519.1666667,0.2627474578651182,28.0,75.7970169100452
1871,519.4444444,0.2646118770610554,28.0,75.84855832525261
1872,519.7222222,0.2664791677516232,28.0,75.9109568497509
1873,520.0,0.26834985112959336,28.0,75.98370950326363
1874,520.2777778,0.27022487025660547,28.0,76.06633586177335
1875,520.5555556,0.27210458919062697,28.0,76.15835926191511
1876,520.8333333,0.27398933845990986,28.0,76.25929662717445
1877,521.1111111,0.27587948768911646,28.0,76.36865509979297
1878,521.3888889,0.27777535464119907,28.0,76.48593312161518
1879,521.6666667,0.2796773199860464,28.0,76.61062390476144
1880,521.9444444,0.28158567825337383,28.0,76.74221983051444
1881,522.2222222,0.2835004403524897,28.0,76.8802168793957
1882,522.5,0.28564030951171426,22.74,77.02411862094814
1883,522.7777778,0.2877865508210737,22.74,77.17343956689977
1884,523.0555556,0.2899396504424091,22.74,77.32770784865114
1885,523.3333333,0.2920998326178605,22.74,77.48646726513827
1886,523.6111111,0.2942670729589171,22.74,77.64927877775946
1887,523.8888889,0.29644140455220447,22.74,77.81572154179389
1888,524.1666667,0.29862316337399186,22.74,77.9853935585168
1889,524.4444444,0.3008129721441751,22.74,78.1579120210876
1890,524.7222222,0.30301090882906107,22.74,78.33291341902154
1891,525.0,0.3052165379098112,22.74,78.51005345150796
1892,525.2777778,0.30742991419380944,22.74,78.68900679372655
1893,525.5555556,0.30965130736093244,22.74,78.86946674936716
1894,525.8333333,0.31188085830712636,22.74,79.05114481654157
1895,526.1111111,0.3141183985061974,22.74,79.23377018950114
1896,526.3888889,0.3163637310265757,22.74,79.41708921365235
1897,526.6666667,0.3186167881591541,22.74,79.60086480577324
1898,526.9444444,0.3208773027960023,22.74,79.78487585282868
1899,527.2222222,0.3231452726783077,22.74,79.96891659607064
1900,527.5,0.32542073612847594,22.74,80.15279600988237
1901,527.7777778,0.3277036722234428,22.74,80.33633717499308
1902,528.0555556,0.329993885139023,22.74,80.51937665910613
1903,528.3333333,0.332291312329514,22.74,80.70176390018473
1904,528.6111111,0.33459580411962314,22.74,80.88336059992635
1905,528.8888889,0.3369072636356583,22.74,81.06404012701715
1906,529.1666667,0.33922559405482416,22.74,81.24368693427941
1907,529.4444444,0.3415506775774942,22.74,81.42219598746807
1908,529.7222222,0.3438824669849757,22.74,81.59947221039454
1909,530.0,0.3462209420592108,22.74,81.77542994414272
1910,530.2777778,0.3485660283286429,22.74,81.9499924229306
1911,530.5555556,0.3509175535669781,22.74,82.1230912644509
1912,530.8333333,0.35327543522512067,22.74,82.29466597891229
1913,531.1111111,0.3556393401045,22.74,82.46466349229146
1914,531.3888889,0.35800920327783486,22.74,82.63303768656108
1915,531.6666667,0.3603851558856626,22.74,82.79974895722617
1916,531.9444444,0.36276715538503623,22.74,82.9647637857044
1917,532.2222222,0.365155130336139,22.74,83.12805432747166
1918,532.5,0.36754900897324155,22.74,83.28959801824166
1919,532.7777778,0.36994862380369575,22.74,83.44937719287994
1920,533.0555556,0.3723531884416272,22.74,83.590294888585
1921,533.3333333,0.37476250992198284,22.74,83.72853858095996
1922,533.6111111,0.37717644274442286,22.74,83.86460838632505
1923,533.8888889,0.379594852962256,22.74,83.99850052052238
1924,534.1666667,0.3820176323466513,22.74,84.13021442496735
1925,534.4444444,0.38444461581784956,22.74,84.25975247007702
1926,534.7222222,0.3868756075139769,22.74,84.38711967305458
1927,535.0,0.3893106879428817,22.74,84.51232342803989
1928,535.2777778,0.39175002756457444,22.74,84.63537325039186
1929,535.5555556,0.39419354152139263,22.74,84.75628053106703
1930,535.8333333,0.39664209941415773,22.74,84.89950884975815
1931,536.1111111,0.39909819334842633,22.74,85.10766293919556
1932,536.3888889,0.40156168995887787,22.74,85.3151762468394
1933,536.6666667,0.4040325917272781,22.74,85.52207273036164
1934,536.9444444,0.4065109439953809,22.74,85.72837727507401
1935,537.2222222,0.4089965084231156,22.74,85.93411552345586
1936,537.5,0.41148864800068363,22.74,86.13931371734604
1937,537.7777778,0.4139874662218648,22.74,86.34399854580374
1938,538.0555556,0.4164933627158922,22.74,86.548197004357
1939,538.3333333,0.41900634249648133,22.74,86.7519362604745
1940,538.6111111,0.4215264606076547,22.74,86.95524352896265
1941,538.8888889,0.4240536562429284,22.74,87.15814595359973
1942,539.1666667,0.42658778890955357,22.74,87.36067049755307
1943,539.4444444,0.4291287962651069,22.74,87.5628438407274
1944,539.7222222,0.4316765406645741,22.74,87.7646922832789
1945,540.0,0.4342310897217765,22.74,87.96624165756481
1946,540.2777778,0.4365808936980383,28.0,88.16751724499721
1947,540.5555556,0.4389376801487518,28.0,88.36854370099806
1948,540.8333333,0.4413009909661756,28.0,88.56934498328741
1949,541.1111111,0.4436708525907967,28.0,88.7699442892041
1950,541.3888889,0.44604762152636873,28.0,88.97036399601653
1951,541.6666667,0.4484312972578115,28.0,89.1706256082328
1952,541.9444444,0.4508216308854804,28.0,89.37074970925372
1953,542.2222222,0.45321859403616066,28.0,89.57075591767824
1954,542.5,0.45562234677821783,28.0,89.77066285040222
1955,542.7777778,0.45803289990012014,28.0,89.97048808592723
1956,543.0555556,0.460449867849861,28.0,90.17024813756856
1957,543.3333333,0.4628731448099492,28.0,90.3699584265562
1958,543.6111111,0.465302806573019,28.0,90.5696332603617
1959,543.8888889,0.4677388701068484,28.0,90.76928581569936
1960,544.1666667,0.4701811919922076,28.0,90.96892812355372
1961,544.4444444,0.47262969280101735,28.0,91.16857105943458
1962,544.7222222,0.4750845256841062,28.0,91.3682243346146
1963,545.0,0.4775457559944963,28.0,91.5678964930729
1964,545.2777778,0.48001330817357973,28.0,91.76759490859786
1965,545.5555556,0.4824871562770012,28.0,91.9673257877157
1966,545.8333333,0.4849671521338289,28.0,92.1670941721648
1967,546.1111111,0.48745313236107934,28.0,92.366903946037
1968,546.3888889,0.4901549474361448,22.74,92.56675784424192
1969,546.6666667,0.49286260567180123,22.74,92.76665746410995
1970,546.9444444,0.49557589821322295,22.74,92.96660327734637
1971,547.2222222,0.49829475580004595,22.74,93.16659464567732
1972,547.5,0.5010192363334569,22.74,93.36662983765213
1973,547.7777778,0.5037493345040017,22.74,93.56670604722471
1974,548.0555556,0.5064847051521856,22.74,93.76681941256322
1975,548.3333333,0.5092252587777423,22.74,93.96696503981164
1976,548.6111111,0.5119707339225928,22.74,94.16713702370222
1977,548.8888889,0.5147212330185194,22.74,94.36732847298356
1978,549.1666667,0.5174768940581779,22.74,94.5675315355424
1979,549.4444444,0.5202373798711928,22.74,94.76773742423217
1980,549.7222222,0.5230024316104952,22.74,94.9679364448286
1981,550.0,0.5257717783686795,22.74,95.16811802301164
1982,550.2777778,0.5285453563537632,22.74,95.36827073476084
1983,550.5555556,0.5313233756914104,22.74,95.56838233497582
1984,550.8333333,0.534105623192286,22.74,95.76843978780366
1985,551.1111111,0.5368910975331012,22.74,95.96842929733842
1986,551.3888889,0.5396796705597696,22.74,96.1683363391885
1987,551.6666667,0.5424710825616532,22.74,96.36814569134286
1988,551.9444444,0.545264878742558,22.74,96.56784146648737
1989,552.2222222,0.5480607044608828,22.74,96.76740714425388
1990,552.5,0.5508573858212927,22.74,96.96682560301304
1991,552.7777778,0.553654611360005,22.74,97.1660791523658
1992,553.0555556,0.5564522739509836,22.74,97.36514956582892
1993,553.3333333,0.559250374335552,22.74,97.56401811304391
1994,553.6111111,0.5620490281142294,22.74,97.76266559214858
1995,553.8888889,0.5648489453423503,22.74,97.96107236236163
1996,554.1666667,0.567651064186009,22.74,98.15921837577172
1997,554.4444444,0.5704563423552643,22.74,98.3570832089514
1998,554.7222222,0.5732653391206713,22.74,98.5546460953539
1999,555.0,0.5760785840371108,22.74,98.75188595659291
2000,555.2777778,0.5788962189282769,22.74,98.94878143269985
2001,555.5555556,0.5817188971621484,22.74,99.1453109134597
2002,555.8333333,0.5845467069359067,22.74,99.34145256890352
2003,556.1111111,0.587379893519457,22.74,99.5371843786727
2004,556.3888889,0.5902190436824462,22.74,99.73248416146753
2005,556.6666667,0.5930646271421921,22.74,99.92732960431007
2006,556.9444444,0.5959169309761203,22.74,100.12169829053832
2007,557.2222222,0.5987760408176962,22.74,100.31556772790928
2008,557.5,0.6016424734882878,22.74,100.508915375338
2009,557.7777778,0.6045164573851824,22.74,100.70171867036552
2010,558.0555556,0.6073985912980232,22.74,100.89395505442968
2011,558.3333333,0.6102888105485191,22.74,101.08560199926086
2012,558.6111111,0.6131870753515681,22.74,101.27663703026442
2013,558.8888889,0.616093219421949,22.74,101.46703775192104
2014,559.1666667,0.6190071400458192,22.74,101.65678187061444
2015,559.4444444,0.6219283665447363,22.74,101.845847217212
2016,559.7222222,0.6248570490163194,22.74,102.03421176960484
2017,560.0,0.6277934826725653,22.74,102.22185367383128
2018,560.2777778,0.6307374691332762,22.74,102.4087512644236
2019,560.5555556,0.6336889103688085,22.74,102.59488308430204
2020,560.8333333,0.6366472864645095,22.74,102.78022790427283
2021,561.1111111,0.6396126289495245,22.74,102.96476474159265
2022,561.3888889,0.6425851688084065,22.74,103.14847287668267
2023,561.6666667,0.6455642732784708,22.74,103.33133187074988
2024,561.9444444,0.6485494758283789,22.74,103.513321581964
2025,562.2222222,0.6515412496090696,22.74,103.6944221808356
2026,562.5,0.6545396401052971,22.74,103.87461416456846
2027,562.7777778,0.6575447165182826,22.74,104.05387837109902
2028,563.0555556,0.6605554629415368,22.74,104.23219599262626
2029,563.3333333,0.6635710741061795,22.74,104.40954858754348
2030,563.6111111,0.6665923800924647,22.74,104.58591809261996
2031,563.8888889,0.6696192918552263,22.74,104.76128683348
2032,564.1666667,0.672651346379076,22.74,104.9356375353067
2033,564.4444444,0.675489965278908,28.0,105.10895333186532
2034,564.7222222,0.678334301589633,28.0,105.28121777484162
2035,565.0,0.6811842193544554,28.0,105.45241484158127
2036,565.2777778,0.6840396366039354,28.0,105.62252894273514
2037,565.5555556,0.6869000916908165,28.0,105.79154492860076
2038,565.8333333,0.6897656050257396,28.0,105.95944809579704
2039,566.1111111,0.6926362869464202,28.0,106.12622419178476
2040,566.3888889,0.6955121135770099,28.0,106.2918594204534
2041,566.6666667,0.6983930641832303,28.0,106.45634044550876
2042,566.9444444,0.7012789529522533,28.0,106.61965439445942
2043,567.2222222,0.7041696831970451,28.0,106.78178886071734
2044,567.5,0.70706499839349,28.0,106.94273190671016
2045,567.7777778,0.7099649414212506,28.0,107.10247206466708
2046,568.0555556,0.7128696542316865,28.0,107.26099833804778
2047,568.3333333,0.7157787679725622,28.0,107.418300201825
2048,568.6111111,0.7186920293410595,28.0,107.574367602741
2049,568.8888889,0.7216092284418945,28.0,107.72919095768572
2050,569.1666667,0.7245303871502086,28.0,107.88276115405873
2051,569.4444444,0.7274557786563166,28.0,108.03506954634544
2052,569.7222222,0.7303854461476423,28.0,108.1861079551436
2053,570.0,0.7333194108275449,28.0,108.33586866393196
2054,570.2777778,0.7364528495337637,22.74,108.48434441612513
2055,570.5555556,0.7395894379021448,22.74,108.63152841120365
2056,570.8333333,0.7427296518584908,22.74,108.77741430080638
2057,571.1111111,0.7458736099658347,22.74,108.92199618446315
2058,571.3888889,0.7490213160429708,22.74,109.06526860394322
2059,571.6666667,0.752171987136576,22.74,109.20722653920475
2060,571.9444444,0.7553250599231242,22.74,109.34786540132902
2061,572.2222222,0.758479800503923,22.74,109.48718102752582
2062,572.5,0.7616370051666428,22.74,109.62516967424014
2063,572.7777778,0.7647968140745453,22.74,109.76182801053476
2064,573.0555556,0.7679592625662546,22.74,109.89715311120553
2065,573.3333333,0.7711241631332534,22.74,110.0311424491699
2066,573.6111111,0.7742914027393168,22.74,110.16379388818513
2067,573.8888889,0.7774608666146694,22.74,110.2951056745978
2068,574.1666667,0.7806325758162119,22.74,110.42507642939482
2069,574.4444444,0.7838065334628154,22.74,110.55370513982967
2070,574.7222222,0.7869826857112585,22.74,110.68099115065196
2071,575.0,0.7901607015777896,22.74,110.8069341557842
2072,575.2777778,0.7933400413636793,22.74,110.93153418830644
2073,575.5555556,0.7965211204468408,22.74,111.0547916122103
2074,575.8333333,0.7997039501161194,22.74,111.17670711273412
2075,576.1111111,0.8028883314766115,22.74,111.2972816865518
2076,576.3888889,0.8060742127037966,22.74,111.4165166325864
2077,576.6666667,0.8092615800437175,22.74,111.53441354203484
2078,576.9444444,0.8124507339362886,22.74,111.6509742881367
2079,577.2222222,0.8156412840436555,22.74,111.7662010167199
2080,577.5,0.8188328721384286,22.74,111.88009613592534
2081,577.7777778,0.8220256885381931,22.74,111.99266230617684
2082,578.0555556,0.8252198942440809,22.74,112.103902429447
2083,578.3333333,0.8284157589044161,22.74,112.21381963998932
2084,578.6111111,0.8316132330920885,22.74,112.32241729316004
2085,578.8888889,0.8348122031702407,22.74,112.42969895564534
2086,579.1666667,0.8380124247599613,22.74,112.53566839510198
2087,579.4444444,0.841213889924545,22.74,112.6403295697329
2088,579.7222222,0.8444166435593168,22.74,112.74368661791596
2089,580.0,0.8476212094350355,22.74,112.84574384847704
2090,580.2777778,0.8508270168544592,22.74,112.94650572988006
2091,580.5555556,0.854033634036512,22.74,113.04597688045394
2092,580.8333333,0.8572420459217602,22.74,113.14416205821897
2093,581.1111111,0.8604519060021683,22.74,113.24106615069012
2094,581.3888889,0.8636644940946547,22.74,113.38451279368844
2095,581.6666667,0.8668817798064676,22.74,113.54318004447852
2096,581.9444444,0.8701033770397237,22.74,113.7009299490092
2097,582.2222222,0.8733282069163711,22.74,113.85776710053304
2098,582.5,0.8765569835827822,22.74,114.01369617678834
2099,582.7777778,0.8797900383334256,22.74,114.16872193059253
2100,583.0555556,0.8830278516218913,22.74,114.32284918067585
2101,583.3333333,0.8862700019879298,22.74,114.47608280338036
2102,583.6111111,0.8895163047725047,22.74,114.62842772297596
2103,583.8888889,0.8927667838218701,22.74,114.77988890373932
2104,584.1666667,0.8960214719196269,22.74,114.93047134115388
2105,584.4444444,0.8992803790054311,22.74,115.0801800531201
2106,584.7222222,0.902543410696911,22.74,115.22902007255747
2107,585.0,0.9058106761875375,22.74,115.37699643831806
2108,585.2777778,0.9090822636610351,22.74,115.5241141881773
2109,585.5555556,0.9123582115017759,22.74,115.67037835014142
2110,585.8333333,0.9156381253126852,22.74,115.81579393559258
2111,586.1111111,0.9189215773166632,22.74,115.96036593155436
2112,586.3888889,0.9222087919234756,22.74,116.10409929329391
2113,586.6666667,0.92549990330031,22.74,116.24675915134443
2114,586.9444444,0.9287945937041655,22.74,116.37498235798452
2115,587.2222222,0.9320923883298828,22.74,116.50232519372544
2116,587.5,0.9353931436342663,22.74,116.62879261004524
2117,587.7777778,0.9386966931363737,22.74,116.75438949193575
2118,588.0555556,0.9420031900209805,22.74,116.8791206519782
2119,588.3333333,0.9451247387530408,28.0,117.00299082440674
2120,588.6111111,0.9482484906478086,28.0,117.12600465970236
2121,588.8888889,0.9513744901997548,28.0,117.2481667189851
2122,589.1666667,0.9545026734584243,28.0,117.36948146872808
2123,589.4444444,0.95763260196059,28.0,117.489953276145
2124,589.7222222,0.960764000870403,28.0,117.60958640417172
2125,590.0,0.9638966089266063,28.0,117.72838500696515
2126,590.2777778,0.9670304808914225,28.0,117.8463531258816
2127,590.5555556,0.9701657466492782,28.0,117.96349468500526
2128,590.8333333,0.9733025454048706,28.0,118.0798134875171
2129,591.1111111,0.9764396987042089,28.0,118.19531321237072
2130,591.3888889,0.9795769519019965,28.0,118.30999741014276
2131,591.6666667,0.9827148520450488,28.0,118.4238695007724
2132,591.9444444,0.9858530291098697,28.0,118.53693276997092
2133,592.2222222,0.9889911400737299,28.0,118.64919036688026
2134,592.5,0.9921303054578,28.0,118.76064530145956
2135,592.7777778,0.9952716969154116,28.0,118.87130044216352
2136,593.0555556,0.9984170454829191,28.0,118.98115851407564
2137,593.3333333,1.0,28.0,119.09022209693396
2138,593.6111111,1.0,28.0,119.1984936237917
2139,593.8888889,1.0,28.0,119.3059753793283
2140,594.1666667,1.0,28.0,119.41266949898804
2141,594.4444444,1.0,22.74,119.518577967893
2142,594.7222222,1.0,22.74,119.62370262010214
2143,595.0,1.0,22.74,119.7280451381558
2144,595.2777778,1.0,22.74,119.83160705289696
2145,595.5555556,1.0,22.74,119.9343897430519
2146,595.8333333,1.0,22.74,120.03639443571522
2147,596.1111111,1.0,22.74,120.13762220632084
2148,596.3888889,1.0,22.74,120.23807397933297
2149,596.6666667,1.0,22.74,120.33775052891784
2150,596.9444444,1.0,22.74,120.43665247976185
2151,597.2222222,1.0,22.74,120.53478030814908
2152,597.5,1.0,22.74,120.63213434332714
2153,597.7777778,1.0,22.74,120.72871476869015
2154,598.0555556,1.0,22.74,120.824521623579
2155,598.3333333,1.0,22.74,120.91955480501623
2156,598.6111111,1.0,22.74,121.01381406951398
2157,598.8888889,1.0,22.74,121.10729903524016
2158,599.1666667,1.0,22.74,121.2000091844152
2159,599.4444444,1.0,22.74,121.29194386542925
2160,599.7222222,1.0,22.74,121.38310229544166
2161,600.0,1.0,22.74,121.473483563373
2162,600.2777778,1.0,22.74,121.56308663234148
2163,600.5555556,1.0,22.74,121.65191034275333
2164,600.8333333,1.0,22.74,121.7399534154404
2165,601.1111111,1.0,22.74,121.82721445485392
2166,601.3888889,1.0,22.74,121.91369195220396
2167,601.6666667,1.0,22.74,121.99938428916992
2168,601.9444444,1.0,22.74,122.08428974122693
2169,602.2222222,1.0,22.74,122.16840648132438
2170,602.5,1.0,22.74,122.25173258382286
2171,602.7777778,1.0,22.74,122.33426602782409
2172,603.0555556,1.0,22.74,122.41600470165348
2173,603.3333333,1.0,22.74,122.49694640646504
2174,603.6111111,1.0,22.74,122.5770888604808
2175,603.8888889,1.0,22.74,122.65642970291978
2176,604.1666667,1.0,22.74,122.73496649860444
2177,604.4444444,1.0,22.74,122.81269674172728
2178,604.7222222,1.0,22.74,122.88961786039292
2179,605.0,1.0,22.74,122.96572722101637
2180,605.2777778,1.0,22.74,123.04102213267753
2181,605.5555556,1.0,22.74,123.11549985135912
2182,605.8333333,1.0,22.74,123.18915758479142
2183,606.1111111,1.0,22.74,123.26199249652424
2184,606.3888889,1.0,22.74,123.33400171079036
2185,606.6666667,1.0,22.74,123.40518231677886
2186,606.9444444,1.0,22.74,123.47553137333075
2187,607.2222222,1.0,22.74,123.54504591321783
2188,607.5,1.0,22.74,123.6137229482369
2189,607.7777778,1.0,22.74,123.68155947297774
2190,608.0555556,1.0,22.74,123.7485524700366
2191,608.3333333,1.0,22.74,123.81469891410607
2192,608.6111111,1.0,22.74,123.86211888326976
2193,608.8888889,1.0,22.74,123.74418576370188
2194,609.1666667,1.0,22.74,123.62431284889794
2195,609.4444444,1.0,22.74,123.50249843630472
2196,609.7222222,1.0,22.74,123.37874088750522
2197,610.0,1.0,22.74,123.25303863312456
2198,610.2777778,1.0,22.74,123.12539017635312
2199,610.5555556,1.0,22.74,122.99579409768658
2200,610.8333333,1.0,22.74,122.86424905953628
2201,611.1111111,1.0,22.74,122.73075380928454
2202,611.3888889,1.0,22.74,122.59530718388756
2203,611.6666667,1.0,22.74,122.54161944686184
2204,611.9444444,1.0,22.74,122.61367402541283
2205,612.2222222,1.0,22.74,122.6849052858496
2206,612.5,1.0,28.0,122.75531035242248
2207,612.7777778,1.0,28.0,122.8248864041513
2208,613.0555556,1.0,28.0,122.89363067847944
2209,613.3333333,1.0,28.0,122.96154047460342
2210,613.6111111,1.0,28.0,123.02861315690666
2211,613.8888889,1.0,28.0,123.0948461582121
2212,614.1666667,1.0,28.0,123.16023698308469
2213,614.4444444,1.0,28.0,123.22478321058531
2214,614.7222222,1.0,28.0,123.28848249762716
2215,615.0,1.0,28.0,123.35133258161204
2216,615.2777778,1.0,28.0,123.41333128329828
2217,615.5555556,1.0,28.0,123.47447650943252
2218,615.8333333,1.0,28.0,123.53476625526864
2219,616.1111111,1.0,28.0,123.59419860701766
2220,616.3888889,1.0,28.0,123.6527717442262
2221,616.6666667,1.0,28.0,123.71048394195276
2222,616.9444444,1.0,28.0,123.76733357273726
2223,617.2222222,1.0,28.0,123.8233191087651
2224,617.5,1.0,28.0,123.87843912355294
2225,617.7777778,1.0,28.0,123.93269229374718
2226,618.0555556,1.0,28.0,123.98607740065071
2227,618.3333333,1.0,22.74,124.03859333179838
2228,618.6111111,1.0,22.74,124.09023908210251
2229,618.8888889,1.0,22.74,124.14101375535448
2230,619.1666667,1.0,22.74,124.19091656509212
2231,619.4444444,1.0,22.74,124.23994683552824
2232,619.7222222,1.0,22.74,124.2881040025212
2233,620.0,1.0,22.74,124.33538761427045
2234,620.2777778,1.0,22.74,124.38179733174184
2235,620.5555556,1.0,22.74,124.4273329291742
2236,620.8333333,1.0,22.74,124.4719942944919
2237,621.1111111,1.0,22.74,124.51578142926904
2238,621.3888889,1.0,22.74,124.55869444898048
2239,621.6666667,1.0,22.74,124.60073358279892
2240,621.9444444,1.0,22.74,124.64189917335791
2241,622.2222222,1.0,22.74,124.68219167658714
2242,622.5,1.0,22.74,124.7216116610604
2243,622.7777778,1.0,22.74,124.76015980745755
2244,623.0555556,1.0,22.74,124.7978369078784
2245,623.3333333,1.0,22.74,124.83464386501517
2246,623.6111111,1.0,22.74,124.87058169112296
2247,623.8888889,1.0,22.74,124.90565150698104
2248,624.1666667,1.0,22.74,124.93985454071718
2249,624.4444444,1.0,22.74,124.97319212643556
2250,624.7222222,1.0,22.74,125.0056657027167
2251,625.0,1.0,22.74,125.03727681132918
2252,625.2777778,1.0,22.74,125.06802709518468
2253,625.5555556,1.0,22.74,125.09791829687738
2254,625.8333333,1.0,22.74,125.12695225673852
2255,626.1111111,1.0,22.74,125.15513091066288
2256,626.3888889,1.0,22.74,125.1824562882684
2257,626.6666667,1.0,22.74,125.20893051063356
2258,626.9444444,1.0,22.74,125.2345557879222
2259,627.2222222,1.0,22.74,125.25933441705374
2260,627.5,1.0,22.74,125.28326877932535
2261,627.7777778,1.0,22.74,125.30636133775717
2262,628.0555556,1.0,22.74,125.3286146344094
2263,628.3333333,1.0,22.74,125.3500312877673
2264,628.6111111,1.0,22.74,125.37061398987076
2265,628.8888889,1.0,22.74,125.3903655034212
2266,629.1666667,1.0,22.74,125.40928865888807
2267,629.4444444,1.0,22.74,125.4273863514113
2268,629.7222222,1.0,22.74,125.44466153770976
2269,630.0,1.0,22.74,125.4611172330535
2270,630.2777778,1.0,22.74,125.47675650787352
2271,630.5555556,1.0,22.74,125.49158248461748
2272,630.8333333,1.0,22.74,125.50559833442784
2273,631.1111111,1.0,22.74,125.51880727373346
2274,631.3888889,1.0,22.74,125.5312125608007
2275,631.6666667,1.0,22.74,125.54281749246228
2276,631.9444444,1.0,22.74,125.5536254004532
2277,632.2222222,1.0,22.74,125.56363964796064
2278,632.5,1.0,22.74,125.57286362613068
2279,632.7777778,1.0,22.74,125.58130075046692
2280,633.0555556,1.0,22.74,125.58895445718076
2281,633.3333333,1.0,22.74,125.595828199796
2282,633.6111111,1.0,22.74,125.60192544528248
2283,633.8888889,1.0,22.74,125.60724967062816
2284,634.1666667,1.0,22.74,125.61180435919314
2285,634.4444444,1.0,22.74,125.61559299703735
2286,634.7222222,1.0,22.74,125.61861906933711
2287,635.0,1.0,22.74,125.62088605683437
2288,635.2777778,1.0,22.74,125.62239743221718
2289,635.5555556,1.0,22.74,125.62315665651128
2290,635.8333333,1.0,22.74,125.6231671756405
2291,636.1111111,1.0,22.74,125.62243241687916
2292,636.3888889,1.0,28.0,125.62095578525232
2293,636.6666667,1.0,28.0,125.6187406603367
2294,636.9444444,1.0,28.0,125.61579039260964
2295,637.2222222,1.0,28.0,125.61210830020396
2296,637.5,1.0,28.0,125.6076976656355
2297,637.7777778,1.0,28.0,125.60256173246307
2298,638.0555556,1.0,28.0,125.59670370207851
2299,638.3333333,1.0,28.0,125.59012673063334
2300,638.6111111,1.0,28.0,125.58283392593816
2301,638.8888889,1.0,28.0,125.57482834437693
2302,639.1666667,1.0,28.0,125.5661129880864
2303,639.4444444,1.0,28.0,125.55669080199468
2304,639.7222222,1.0,28.0,125.54656467102843
2305,640.0,1.0,28.0,125.5357374175684
2306,640.2777778,1.0,28.0,125.52421179862527
2307,640.5555556,1.0,28.0,125.51199050342063
2308,640.8333333,1.0,28.0,125.49907615098374
2309,641.1111111,1.0,28.0,125.48547128773129
2310,641.3888889,1.0,28.0,125.47117838526704
2311,641.6666667,1.0,28.0,125.45619983835296
2312,641.9444444,1.0,28.0,125.44053796266074
2313,642.2222222,1.0,28.0,125.4241949930368
2314,642.5,1.0,22.74,125.40717308168502
2315,642.7777778,1.0,22.74,125.38947429638398
2316,643.0555556,1.0,22.74,125.37110061894364
2317,643.3333333,1.0,22.74,125.352053943858
2318,643.6111111,1.0,22.74,125.33233607684556
2319,643.8888889,1.0,22.74,125.31194873365077
2320,644.1666667,1.0,22.74,125.2908935390807
2321,644.4444444,1.0,22.74,125.26917202596292
2322,644.7222222,1.0,22.74,125.246785634285
2323,645.0,1.0,22.74,125.22373571066048
2324,645.2777778,1.0,22.74,125.20002350764796
2325,645.5555556,1.0,22.74,125.17565018334358
2326,645.8333333,1.0,22.74,125.15061680120526
2327,646.1111111,1.0,22.74,125.12492432981252
2328,646.3888889,1.0,22.74,125.09857364287888
2329,646.6666667,1.0,22.74,125.0586414359332
2330,646.9444444,1.0,22.74,125.01144009241688
2331,647.2222222,1.0,22.74,124.9635632201827
2332,647.5,1.0,22.74,124.91501161817617
2333,647.7777778,1.0,22.74,124.86578599315293
2334,648.0555556,1.0,22.74,124.81588696078448
2335,648.3333333,1.0,22.74,124.76531504669724
2336,648.6111111,1.0,22.74,124.71407068758938
2337,648.8888889,1.0,22.74,124.66215423266569
2338,649.1666667,1.0,22.74,124.6095659452219
2339,649.4444444,1.0,22.74,124.55630600408368
2340,649.7222222,1.0,22.74,124.50237450550812
2341,650.0,1.0,22.74,124.44777146516468
2342,650.2777778,1.0,22.74,124.39249682001996
2343,650.5555556,1.0,22.74,124.33655043065946
2344,650.8333333,1.0,22.74,124.27993208365186
2345,651.1111111,1.0,22.74,124.222641493837
2346,651.3888889,1.0,22.74,124.16467830701733
2347,651.6666667,1.0,22.74,124.10604210284872
2348,651.9444444,1.0,22.74,124.04673239731412
2349,652.2222222,1.0,22.74,123.98674864599016
2350,652.5,1.0,22.74,123.92609024715024
2351,652.7777778,1.0,22.74,123.86475654473288
2352,653.0555556,1.0,22.74,123.80274683185976
2353,653.3333333,1.0,22.74,123.74006035436464
2354,653.6111111,1.0,22.74,123.6815032235464
2355,653.8888889,1.0,22.74,123.63689208114349
2356,654.1666667,1.0,22.74,123.59161569418116
2357,654.4444444,1.0,22.74,123.545672835648
2358,654.7222222,1.0,22.74,123.49906224825934
2359,655.0,1.0,22.74,123.451782648423
2360,655.2777778,1.0,22.74,123.40383273032305
2361,655.5555556,1.0,22.74,123.35521117007724
2362,655.7166667,1.0,22.74,123.30591663024428
